id,all__level,all__shape,all__raw,all__quantile,all__acf,all__spectrum
AZT1D/11,0.27653112449799194,0.1999246987951807,0.09595883534136546,0.19784136546184738,0.4189508032128514,0.3587600401606426
AZT1D/13,0.11746987951807228,0.14575803212851404,0.012173694779116466,0.12256526104417671,0.3289407630522089,0.14329819277108433
AZT1D/14,0.15456827309236948,0.47369477911646585,0.06719377510040161,0.12502510040160641,0.1997238955823293,0.14111445783132529
AZT1D/15,0.34641064257028115,0.3875753012048193,0.33481425702811246,0.3690010040160642,0.4484437751004016,0.4666415662650602
AZT1D/16,0.3591616465863454,0.362324297188755,0.201179718875502,0.29789156626506025,0.39093875502008035,0.2804467871485944
AZT1D/19,0.20863453815261043,0.17733433734939757,0.03237951807228916,0.17703313253012049,0.3463102409638554,0.158785140562249
AZT1D/2,0.2657379518072289,0.19907128514056224,0.09078815261044176,0.1959086345381526,0.37592871485943774,0.31636546184738956
AZT1D/20,0.220105421686747,0.3870983935742972,0.13684738955823292,0.2393825301204819,0.2672941767068273,0.27251506024096384
AZT1D/4,0.18310742971887548,0.13381024096385544,0.04972389558232932,0.14967369477911646,0.2919929718875502,0.2837600401606426
AZT1D/6,0.1303714859437751,0.12143574297188756,0.021937751004016064,0.08639558232931727,0.3261044176706827,0.24041164658634537
AZT1D/7,0.19339859437751006,0.34786646586345377,0.08732429718875502,0.18657128514056223,0.3919929718875502,0.3361696787148594
BrisT1D/P02,0.3101656626506024,0.33190261044176705,0.3160893574297189,0.24103915662650605,0.44688755020080323,0.30416666666666664
BrisT1D/P03,0.3324799196787149,0.508785140562249,0.38880522088353414,0.2799698795180723,0.4097138554216867,0.3241214859437751
BrisT1D/P04,0.23047188755020082,0.37452309236947795,0.18069779116465864,0.2202058232931727,0.43222891566265065,0.3248493975903614
BrisT1D/P07,0.3672941767068273,0.3057981927710844,0.28079819277108437,0.292394578313253,0.3883283132530121,0.345105421686747
BrisT1D/P10,0.19957329317269076,0.4775853413654618,0.1332831325301205,0.11804718875502009,0.16937751004016063,0.16041666666666668
BrisT1D/P11,0.4083082329317269,0.5403363453815261,0.349824297188755,0.30471887550200805,0.4770331325301205,0.42565261044176705
BrisT1D/P12,0.3758785140562249,0.24565763052208836,0.18596887550200805,0.32633032128514056,0.32710843373493975,0.38491465863453816
BrisT1D/P15,0.4042921686746988,0.42233935742971884,0.42507530120481923,0.3587098393574297,0.48491465863453814,0.31588855421686746
BrisT1D/P16,0.16428212851405624,0.34116465863453815,0.08358433734939759,0.16674196787148596,0.31671686746987954,0.2556475903614458
BrisT1D/P18,0.3000502008032129,0.3679718875502008,0.4023343373493976,0.2844879518072289,0.41242469879518073,0.33386044176706825
BrisT1D/P19,0.3305722891566265,0.2907379518072289,0.18406124497991969,0.2713855421686747,0.37949297188755016,0.345281124497992
BrisT1D/P22,0.311144578313253,0.3030622489959839,0.23905622489959838,0.21930220883534135,0.43980923694779117,0.362324297188755
BrisT1D/P23,0.38323293172690764,0.4744477911646586,0.44856927710843375,0.22407128514056224,0.39410140562248996,0.5459086345381526
BrisT1D/P24,0.31448293172690767,0.3564508032128514,0.20459337349397588,0.291214859437751,0.3207831325301205,0.33436244979919677
CTR3/11,0.32103413654618473,0.3093624497991968,0.17670682730923695,0.3565261044176707,0.48903112449799196,0.25921184738955827
CTR3/14,0.27095883534136544,0.3779116465863454,0.44375,0.2728413654618474,0.3532379518072289,0.2940763052208835
CTR3/15,0.421460843373494,0.23265562248995983,0.17914156626506023,0.37028112449799194,0.37356927710843374,0.2753263052208835
CTR3/16,0.2862198795180723,0.2699799196787149,0.26352911646586347,0.33940763052208833,0.3469628514056225,0.2496234939759036
CTR3/17,0.30973895582329314,0.2607429718875502,0.28752510040160645,0.2944277108433735,0.29460341365461845,0.16568775100401606
CTR3/18,0.38606927710843375,0.22228915662650603,0.18340863453815262,0.37685742971887554,0.394929718875502,0.2469879518072289
CTR3/19,0.31101907630522085,0.20685240963855422,0.09349899598393575,0.1862449799196787,0.4992971887550201,0.3037901606425703
CTR3/20,0.3801706827309237,0.4662399598393574,0.33509036144578314,0.3009789156626506,0.4305722891566265,0.2980421686746988
CTR3/27,0.3938755020080321,0.27939257028112446,0.3296937751004016,0.4093122489959839,0.3530371485943775,0.24997489959839356
CTR3/29,0.4076305220883534,0.3443524096385542,0.3566516064257028,0.37033132530120483,0.39839357429718875,0.3231174698795181
CTR3/3,0.3734939759036145,0.25381526104417673,0.22063253012048192,0.3269829317269076,0.35838353413654617,0.32936746987951804
CTR3/4,0.377535140562249,0.3282379518072289,0.2424698795180723,0.4317520080321285,0.4137550200803213,0.2273343373493976
CTR3/5,0.4719628514056225,0.33155120481927713,0.2956576305220883,0.4080321285140562,0.31817269076305216,0.24964859437751005
CTR3/8,0.29108935742971886,0.3770833333333333,0.23160140562248996,0.27379518072289155,0.3879518072289157,0.402535140562249
DCLP3/10,0.28426204819277107,0.2094879518072289,0.1067520080321285,0.19033634538152608,0.3152359437751004,0.2329317269076305
DCLP3/100,0.3981174698795181,0.3352158634538152,0.2519327309236948,0.3654116465863454,0.3838604417670683,0.36084337349397594
DCLP3/102,0.25577309236947793,0.45609939759036144,0.3007781124497992,0.34874497991967873,0.4911395582329317,0.33596887550200805
DCLP3/105,0.45243473895582326,0.4639558232931727,0.3694277108433735,0.368925702811245,0.42319277108433734,0.5240712851405622
DCLP3/111,0.312324297188755,0.3258283132530121,0.26902610441767066,0.2516315261044177,0.4561746987951807,0.4160140562248996
DCLP3/114,0.35868473895582326,0.3429718875502008,0.34919678714859437,0.3049949799196787,0.4616465863453815,0.40504518072289153
DCLP3/115,0.34678714859437754,0.27658132530120483,0.3770833333333333,0.22532630522088354,0.4438253012048193,0.26352911646586347
DCLP3/116,0.35271084337349395,0.4043423694779117,0.2939759036144578,0.33345883534136544,0.39272088353413653,0.3358433734939759
DCLP3/117,0.34211847389558236,0.402183734939759,0.28117469879518076,0.31784638554216865,0.5242971887550201,0.3893323293172691
DCLP3/118,0.23900602409638555,0.39367469879518074,0.1252761044176707,0.2372238955823293,0.3783132530120482,0.2664407630522088
DCLP3/120,0.3164156626506024,0.44031124497991964,0.31526104417670686,0.2285140562248996,0.4587349397590362,0.41977911646586347
DCLP3/121,0.31837349397590364,0.384613453815261,0.3208082329317269,0.26393072289156627,0.49691265060240963,0.22248995983935743
DCLP3/122,0.3801957831325301,0.27188755020080324,0.28406124497991964,0.2635542168674699,0.39008534136546186,0.34113955823293174
DCLP3/123,0.3174698795180723,0.42274096385542165,0.20183232931726908,0.282781124497992,0.5374497991967871,0.43569277108433735
DCLP3/126,0.22211345381526104,0.28925702811244974,0.07924196787148595,0.12346887550200804,0.41410642570281125,0.19723895582329315
DCLP3/128,0.322464859437751,0.26295180722891565,0.13388554216867468,0.3337349397590362,0.2928212851405622,0.23004518072289154
DCLP3/129,0.30504518072289155,0.2955321285140562,0.28308232931726907,0.31526104417670686,0.4512299196787149,0.3636546184738956
DCLP3/13,0.373820281124498,0.31955321285140564,0.1630773092369478,0.37153614457831324,0.38960843373493975,0.30082831325301207
DCLP3/130,0.3317018072289157,0.2715612449799197,0.1644578313253012,0.33190261044176705,0.41852409638554217,0.318574297188755
DCLP3/132,0.2884287148594378,0.372113453815261,0.24309738955823293,0.23368473895582328,0.36046686746987955,0.4186244979919679
DCLP3/133,0.3216867469879518,0.4536144578313253,0.2,0.3632781124497992,0.3676957831325301,0.3217118473895582
DCLP3/134,0.32786144578313253,0.36887550200803215,0.1768825301204819,0.318925702811245,0.44053714859437754,0.27377008032128514
DCLP3/135,0.23237951807228915,0.37065763052208833,0.08757530120481928,0.21194779116465864,0.29096385542168673,0.20062751004016063
DCLP3/137,0.20376506024096386,0.40208333333333335,0.11001506024096384,0.22261546184738956,0.370933734939759,0.22269076305220886
DCLP3/138,0.2127761044176707,0.31900100401606424,0.12798694779116468,0.17291666666666666,0.3424698795180723,0.22505020080321284
DCLP3/14,0.25938755020080323,0.1897339357429719,0.06410642570281125,0.28062248995983935,0.41207329317269076,0.26506024096385544
DCLP3/141,0.33150100401606425,0.3150100401606426,0.2772339357429719,0.36242469879518074,0.47630522088353416,0.3468624497991968
DCLP3/142,0.2935993975903614,0.30481927710843376,0.24897088353413654,0.3134538152610442,0.38566767068273095,0.3279367469879518
DCLP3/143,0.28551706827309237,0.5521084337349398,0.2656375502008032,0.304894578313253,0.41302710843373497,0.38524096385542167
DCLP3/144,0.39249497991967874,0.32949297188755017,0.2806977911646586,0.3378012048192771,0.4666666666666667,0.42520080321285136
DCLP3/145,0.308609437751004,0.27324297188755026,0.15293674698795182,0.3012801204819277,0.4414658634538153,0.39076305220883534
DCLP3/147,0.4518323293172691,0.3903363453815261,0.25740461847389556,0.3555722891566265,0.44322289156626504,0.302535140562249
DCLP3/148,0.3485190763052209,0.3717369477911647,0.3617720883534137,0.2871987951807229,0.45010040160642567,0.4555722891566265
DCLP3/149,0.37961847389558234,0.2960592369477911,0.13988453815261043,0.227535140562249,0.3813253012048193,0.3862198795180723
DCLP3/15,0.18082329317269075,0.1728664658634538,0.05283634538152611,0.1791164658634538,0.36480923694779116,0.3137299196787149
DCLP3/150,0.3779367469879518,0.36854919678714865,0.4259538152610442,0.31875,0.5105421686746988,0.37379518072289153
DCLP3/153,0.3157379518072289,0.3852158634538153,0.23511546184738955,0.2318022088353414,0.4240461847389558,0.31031626506024096
DCLP3/154,0.4429718875502008,0.3294929718875502,0.3080321285140562,0.34362449799196787,0.34633534136546185,0.29874497991967874
DCLP3/155,0.44497991967871486,0.3954819277108434,0.30070281124497994,0.3741214859437751,0.4100903614457831,0.3498995983935743
DCLP3/157,0.267745983935743,0.42640562248995983,0.18639558232931727,0.23616967871485944,0.40399096385542166,0.3454066265060241
DCLP3/158,0.3698293172690763,0.39076305220883534,0.26460843373493975,0.3465612449799197,0.4018574297188755,0.4261546184738956
DCLP3/159,0.18320783132530122,0.49641064257028117,0.07941767068273092,0.2265562248995984,0.3625,0.1764809236947791
DCLP3/160,0.19856927710843372,0.2824799196787149,0.2314508032128514,0.20737951807228916,0.4375,0.25901104417670684
DCLP3/162,0.2970883534136546,0.4204819277108434,0.13534136546184738,0.23978413654618475,0.3985943775100402,0.3541666666666667
DCLP3/163,0.32587851405622487,0.2983935742971887,0.23089859437751004,0.3595883534136546,0.3856425702811245,0.3432981927710843
DCLP3/164,0.3447038152610442,0.4430973895582329,0.45815763052208835,0.3756024096385542,0.4155120481927711,0.36731927710843376
DCLP3/165,0.26862449799196786,0.22216365461847387,0.10366465863453815,0.24681224899598395,0.3954317269076305,0.2570281124497992
DCLP3/166,0.25901104417670684,0.36021586345381523,0.22409638554216868,0.30102911646586344,0.4053463855421687,0.27309236947791166
DCLP3/167,0.328890562248996,0.3881275100401606,0.20240963855421687,0.3067520080321285,0.47331827309236946,0.3104417670682731
DCLP3/168,0.3501506024096386,0.24289658634538153,0.14184236947791165,0.37085843373493976,0.3863453815261044,0.27615461847389555
DCLP3/169,0.32492469879518077,0.2991465863453815,0.18170180722891566,0.27663152610441766,0.4855923694779117,0.2987198795180723
DCLP3/17,0.24884538152610441,0.2758785140562249,0.2685491967871486,0.2483433734939759,0.3234437751004016,0.31782128514056224
DCLP3/171,0.30682730923694784,0.3958584337349398,0.17610441767068272,0.33702309236947786,0.36880020080321285,0.31872489959839356
DCLP3/18,0.26917670682730926,0.3022339357429719,0.3236696787148594,0.24588353413654618,0.43315763052208833,0.3291917670682731
DCLP3/19,0.16762048192771084,0.41157128514056224,0.49081325301204815,0.15035140562248994,0.4911646586345382,0.25619979919678715
DCLP3/20,0.3210090361445783,0.38589357429718874,0.21754518072289156,0.2976154618473895,0.5419929718875502,0.3024849397590362
DCLP3/21,0.28478915662650606,0.34477911646586346,0.2009538152610442,0.29274598393574297,0.5032128514056224,0.3767319277108434
DCLP3/22,0.3166917670682731,0.39610943775100405,0.20983935742971888,0.23458835341365464,0.4126506024096386,0.33627008032128514
DCLP3/24,0.31265060240963854,0.5241967871485944,0.13082329317269076,0.2897339357429719,0.41405622489959837,0.2912399598393574
DCLP3/25,0.2642821285140562,0.25386546184738956,0.19324799196787149,0.3098142570281125,0.419754016064257,0.4222389558232932
DCLP3/26,0.2999748995983936,0.3138303212851406,0.22269076305220883,0.2713855421686747,0.39362449799196786,0.32944277108433734
DCLP3/28,0.2467871485943775,0.3406124497991968,0.13079819277108432,0.18980923694779117,0.34058734939759033,0.4279116465863454
DCLP3/29,0.326355421686747,0.3468122489959839,0.19603413654618473,0.25933734939759034,0.40268574297188753,0.3041415662650602
DCLP3/3,0.24392570281124498,0.354543172690763,0.13795180722891567,0.20893574297188755,0.31583835341365457,0.32858935742971884
DCLP3/31,0.2595883534136546,0.29144076305220884,0.23978413654618475,0.2473895582329317,0.478062248995984,0.3793925702811245
DCLP3/32,0.33639558232931727,0.43765060240963854,0.19653614457831325,0.3465863453815261,0.4494728915662651,0.39713855421686745
DCLP3/37,0.32597891566265064,0.18215361445783132,0.13792670682730923,0.25173192771084335,0.3170180722891566,0.35426706827309234
DCLP3/38,0.34249497991967875,0.28579317269076304,0.3146084337349398,0.3290160642570281,0.4383283132530121,0.41887550200803214
DCLP3/39,0.3725401606425703,0.2729417670682731,0.2040160642570281,0.2272339357429719,0.37512550200803213,0.3232178714859438
DCLP3/41,0.2983935742971887,0.38483935742971886,0.3233433734939759,0.28697289156626504,0.42924196787148594,0.327359437751004
DCLP3/43,0.3701807228915663,0.27146084337349397,0.35755522088353414,0.408785140562249,0.3761546184738956,0.28132530120481924
DCLP3/44,0.4189508032128514,0.4454819277108434,0.46656626506024096,0.3732680722891566,0.4602409638554217,0.3916164658634538
DCLP3/46,0.40406626506024096,0.40687751004016065,0.4315763052208836,0.40717871485943774,0.4121987951807229,0.3953062248995984
DCLP3/47,0.2604417670682731,0.33343373493975903,0.13007028112449798,0.278890562248996,0.4506777108433735,0.28559236947791167
DCLP3/48,0.24400100401606425,0.33360943775100405,0.10933734939759036,0.23762550200803212,0.4652359437751004,0.3196536144578313
DCLP3/5,0.13546686746987951,0.27936746987951805,0.06967871485943776,0.1289909638554217,0.23498995983935742,0.19859437751004014
DCLP3/51,0.3301455823293173,0.5187751004016065,0.43207831325301205,0.3085341365461847,0.3098142570281125,0.23832831325301204
DCLP3/54,0.2773343373493976,0.3797690763052209,0.20065261044176708,0.2137048192771084,0.3770582329317269,0.38255522088353416
DCLP3/55,0.3472640562248996,0.37238955823293174,0.252008032128514,0.320105421686747,0.45138052208835344,0.3821536144578313
DCLP3/56,0.3845883534136546,0.26217369477911645,0.2970381526104418,0.3546937751004016,0.4767821285140562,0.34711345381526104
DCLP3/57,0.27738453815261044,0.5715612449799197,0.2609437751004016,0.2619979919678715,0.43197791164658633,0.3674196787148594
DCLP3/58,0.3236696787148594,0.42535140562248996,0.2337098393574297,0.26147088353413656,0.40750502008032125,0.2627761044176707
DCLP3/59,0.28770080321285135,0.4061495983935743,0.3692520080321285,0.2854417670682731,0.46488453815261044,0.3107680722891566
DCLP3/6,0.3965863453815261,0.30823293172690763,0.3130522088353414,0.3300200803212851,0.36157128514056225,0.33187751004016064
DCLP3/60,0.2137048192771084,0.37374497991967875,0.11518574297188754,0.20637550200803212,0.43734939759036146,0.3178714859437751
DCLP3/63,0.3299698795180723,0.45650100401606425,0.20115461847389557,0.2831576305220883,0.3902861445783133,0.21869979919678714
DCLP3/64,0.2516566265060241,0.412324297188755,0.15195783132530122,0.18207831325301205,0.2901104417670683,0.31438253012048195
DCLP3/65,0.3229668674698795,0.3181475903614458,0.18561746987951808,0.21917670682730922,0.47816265060240964,0.34312248995983935
DCLP3/66,0.3277861445783133,0.4647841365461848,0.2975401606425703,0.23235441767068274,0.28288152610441764,0.27339357429718875
DCLP3/67,0.46370481927710844,0.29615963855421684,0.2987700803212851,0.28714859437751006,0.4134287148594378,0.45850903614457833
DCLP3/68,0.2573293172690763,0.3878012048192771,0.15434236947791163,0.24284638554216867,0.3662901606425703,0.38930722891566266
DCLP3/69,0.3549949799196787,0.3595883534136546,0.263504016064257,0.3065010040160642,0.46049196787148594,0.34194277108433735
DCLP3/7,0.3470130522088353,0.286495983935743,0.3065261044176707,0.2843122489959839,0.4063002008032129,0.25188253012048195
DCLP3/71,0.2886044176706827,0.4867218875502008,0.3665160642570281,0.3304467871485944,0.33278112449799196,0.26144578313253014
DCLP3/72,0.3565261044176707,0.3053965863453815,0.19944779116465866,0.2884287148594378,0.2833584337349398,0.2279367469879518
DCLP3/74,0.31977911646586343,0.24987449799196787,0.25619979919678715,0.24585843373493974,0.4771084337349398,0.35190763052208834
DCLP3/77,0.38318273092369476,0.281074297188755,0.27093373493975903,0.367394578313253,0.3895582329317269,0.4157128514056225
DCLP3/78,0.42271586345381523,0.561144578313253,0.5366465863453815,0.37452309236947795,0.407781124497992,0.2601154618473896
DCLP3/79,0.14108935742971887,0.12791164658634538,0.07369477911646587,0.13657128514056224,0.294929718875502,0.26410642570281123
DCLP3/8,0.35,0.3748995983935743,0.3185491967871486,0.29518072289156627,0.2888805220883534,0.28697289156626504
DCLP3/80,0.32550200803212853,0.37467369477911644,0.19839357429718876,0.3564759036144578,0.39134036144578316,0.29673694779116466
DCLP3/86,0.31019076305220883,0.3789156626506024,0.43255522088353415,0.33627008032128514,0.48064759036144583,0.4135542168674699
DCLP3/88,0.34761546184738956,0.3550953815261044,0.3053714859437751,0.25690261044176704,0.4411395582329317,0.28340863453815257
DCLP3/89,0.3542168674698795,0.4141817269076305,0.20133032128514056,0.3354417670682731,0.5149598393574297,0.3511044176706827
DCLP3/90,0.281074297188755,0.34964859437751006,0.25943775100401606,0.29199297188755025,0.37033132530120483,0.27768574297188753
DCLP3/91,0.03757530120481927,0.13074799196787149,0.015210843373493977,0.02442269076305221,0.334136546184739,0.34495481927710847
DCLP3/93,0.2645331325301205,0.3338102409638554,0.11932730923694779,0.2191265060240964,0.3504769076305221,0.25705321285140564
DCLP3/94,0.1782379518072289,0.22417168674698795,0.11398092369477911,0.16219879518072286,0.3857178714859438,0.292570281124498
DCLP3/95,0.22969377510040162,0.30599899598393576,0.25504518072289156,0.2447038152610442,0.3103915662650602,0.31799698795180725
DCLP3/96,0.4313504016064257,0.36101907630522084,0.3970381526104418,0.37389558232931724,0.493574297188755,0.26458333333333334
DCLP3/97,0.31468373493975904,0.4644578313253012,0.442570281124498,0.2665160642570281,0.3990963855421687,0.3325552208835341
DCLP3/98,0.2320281124497992,0.31335341365461844,0.1095632530120482,0.14877008032128514,0.43920682730923694,0.29294678714859435
DCLP5/1,0.23192771084337352,0.4040913654618474,0.23549196787148594,0.1620230923694779,0.36641566265060244,0.3617720883534137
DCLP5/10,0.258785140562249,0.29425200803212853,0.3418674698795181,0.15785642570281125,0.44026104417670686,0.3927961847389558
DCLP5/100,0.25306224899598395,0.32281626506024097,0.44332329317269076,0.2618222891566265,0.42981927710843376,0.36039156626506025
DCLP5/101,0.358960843373494,0.3438504016064257,0.4363453815261044,0.2997740963855422,0.49103915662650605,0.26859939759036144
DCLP5/11,0.3931224899598394,0.26975401606425703,0.2459839357429719,0.32622991967871484,0.43207831325301205,0.3536144578313253
DCLP5/12,0.3873995983935743,0.21011546184738955,0.1947289156626506,0.2622991967871486,0.4816265060240964,0.32105923694779115
DCLP5/13,0.20276104417670684,0.3858684738955824,0.339859437751004,0.2352660642570281,0.5111194779116466,0.3473393574297189
DCLP5/15,0.2984437751004016,0.3703062248995984,0.34942269076305216,0.34962349397590364,0.402183734939759,0.4895331325301205
DCLP5/16,0.36362951807228916,0.2953564257028113,0.39369979919678716,0.38837851405622487,0.4780371485943775,0.42251506024096386
DCLP5/17,0.36558734939759036,0.27876506024096387,0.31792168674698795,0.34405120481927715,0.304894578313253,0.3506777108433735
DCLP5/18,0.4083082329317269,0.24515562248995984,0.22590361445783133,0.3177961847389558,0.5007530120481928,0.38993473895582326
DCLP5/19,0.3193524096385542,0.24412650602409638,0.2490210843373494,0.2683483935742972,0.43167670682730924,0.3356425702811245
DCLP5/2,0.3466616465863454,0.2880020080321285,0.29538152610441765,0.34231927710843374,0.40695281124497995,0.3237700803212851
DCLP5/20,0.3277861445783133,0.3709839357429719,0.3822038152610442,0.301355421686747,0.4020331325301205,0.36280120481927713
DCLP5/21,0.2708835341365462,0.3829066265060241,0.19688755020080323,0.23099899598393575,0.411495983935743,0.2866214859437751
DCLP5/22,0.38775100401606427,0.4235441767068273,0.3957078313253012,0.3208835341365462,0.3747740963855422,0.3789156626506024
DCLP5/23,0.32713353413654617,0.32766064257028116,0.22043172690763052,0.23905622489959838,0.33712349397590363,0.3615461847389558
DCLP5/24,0.3606676706827309,0.3785140562248996,0.26982931726907633,0.29199297188755025,0.3938755020080321,0.2940261044176707
DCLP5/25,0.3401355421686747,0.26493473895582326,0.22532630522088354,0.30973895582329314,0.3557730923694779,0.4519327309236948
DCLP5/26,0.20504518072289157,0.3657128514056225,0.194929718875502,0.12648092369477912,0.48305722891566266,0.28501506024096385
DCLP5/27,0.2533132530120482,0.329066265060241,0.38313253012048193,0.1973393574297189,0.3457078313253012,0.1905371485943775
DCLP5/28,0.23263052208835341,0.26536144578313253,0.20818273092369477,0.20133032128514058,0.37218875502008036,0.4107178714859438
DCLP5/29,0.422816265060241,0.27828815261044176,0.3815261044176707,0.3717369477911647,0.5065763052208835,0.3637801204819277
DCLP5/3,0.45609939759036144,0.3172439759036144,0.3260793172690763,0.3322038152610442,0.482429718875502,0.4424698795180723
DCLP5/30,0.32045682730923697,0.28943273092369476,0.2811495983935743,0.2996234939759036,0.4451556224899598,0.3549196787148594
DCLP5/31,0.3721636546184739,0.3813504016064257,0.31224899598393574,0.24156626506024098,0.37281626506024096,0.2104417670682731
DCLP5/32,0.3660893574297189,0.26862449799196786,0.2691516064257028,0.27515060240963857,0.4899849397590362,0.33940763052208833
DCLP5/33,0.31704317269076304,0.29656124497991965,0.313504016064257,0.2307730923694779,0.4286897590361446,0.37083333333333335
DCLP5/34,0.3617720883534137,0.351004016064257,0.24477911646586345,0.3112700803212851,0.3369979919678715,0.2770582329317269
DCLP5/35,0.3705572289156626,0.2588855421686747,0.1919678714859438,0.35110441767068273,0.4651104417670683,0.3463102409638554
DCLP5/36,0.29254518072289154,0.3690512048192771,0.40005020080321285,0.24011044176706828,0.4594879518072289,0.32095883534136543
DCLP5/37,0.33787650602409636,0.29299698795180723,0.2968624497991968,0.27994477911646587,0.4414909638554217,0.3177961847389558
DCLP5/38,0.37369477911646587,0.41059236947791167,0.24934738955823293,0.3176957831325301,0.4786897590361446,0.3704819277108434
DCLP5/39,0.2785642570281125,0.3360441767068273,0.25461847389558234,0.21428212851405623,0.49088855421686745,0.41134538152610445
DCLP5/4,0.34427710843373494,0.4226656626506024,0.26980421686746986,0.3109186746987952,0.45376506024096386,0.2849397590361446
DCLP5/40,0.32392068273092367,0.4514056224899598,0.2767319277108434,0.2963855421686747,0.5067269076305221,0.31977911646586343
DCLP5/41,0.3918925702811245,0.32113453815261045,0.3036646586345382,0.3713353413654618,0.5009287148594378,0.298644578313253
DCLP5/42,0.3113453815261044,0.2820030120481928,0.19711345381526105,0.25863453815261045,0.361495983935743,0.39375
DCLP5/43,0.25005020080321283,0.4025602409638554,0.4757279116465864,0.29236947791164664,0.4512299196787149,0.22740963855421686
DCLP5/44,0.2928714859437751,0.3369477911646586,0.3809487951807229,0.20775602409638555,0.4811244979919679,0.17552710843373495
DCLP5/45,0.26177208835341365,0.26578815261044175,0.19816767068273092,0.17931726907630524,0.42981927710843376,0.2581074297188755
DCLP5/46,0.3310742971887551,0.2816767068273093,0.20228413654618474,0.2061244979919679,0.4546184738955823,0.3183483935742972
DCLP5/47,0.4026355421686747,0.34322289156626506,0.26109437751004017,0.2854919678714859,0.413504016064257,0.37271586345381524
DCLP5/48,0.18433734939759036,0.2715361445783132,0.14093875502008033,0.16526104417670684,0.44651104417670684,0.3328062248995984
DCLP5/49,0.39841867469879516,0.46079317269076303,0.4519076305220883,0.35778112449799193,0.37989457831325296,0.3889558232931727
DCLP5/5,0.407781124497992,0.2861194779116466,0.3065512048192771,0.37725903614457834,0.4604417670682731,0.3694528112449799
DCLP5/50,0.3249497991967871,0.3493975903614458,0.40926204819277107,0.3068775100401606,0.4232429718875502,0.3356425702811245
DCLP5/51,0.30138052208835336,0.29254518072289154,0.3917921686746988,0.2369979919678715,0.3345381526104418,0.22392068273092372
DCLP5/52,0.11644076305220884,0.3108433734939759,0.20434236947791165,0.08255522088353413,0.47269076305220886,0.13734939759036144
DCLP5/53,0.309789156626506,0.30916164658634543,0.3228915662650602,0.26109437751004017,0.38431224899598393,0.227535140562249
DCLP5/54,0.29545682730923695,0.3759036144578313,0.35025100401606424,0.291214859437751,0.37120983935742974,0.33391064257028114
DCLP5/55,0.3738704819277109,0.4527861445783133,0.31202309236947795,0.33940763052208833,0.5108433734939759,0.46244979919678714
DCLP5/56,0.37437248995983935,0.3294176706827309,0.3483433734939759,0.3425953815261044,0.3501004016064257,0.29944779116465864
DCLP5/57,0.24515562248995987,0.11734437751004016,0.1522339357429719,0.20825803212851404,0.3325803212851406,0.2167168674698795
DCLP5/58,0.32976907630522084,0.39053714859437755,0.3534387550200803,0.27306726907630524,0.4846636546184739,0.309613453815261
DCLP5/59,0.2720883534136546,0.4156877510040161,0.2579317269076305,0.2667419678714859,0.4374497991967871,0.25971385542168673
DCLP5/6,0.3182479919678715,0.3631777108433735,0.41367971887550203,0.2528363453815261,0.4678463855421687,0.2579066265060241
DCLP5/60,0.31608935742971883,0.33275602409638555,0.32720883534136547,0.35180722891566263,0.4293925702811245,0.3318022088353414
DCLP5/61,0.2944779116465863,0.35348895582329315,0.27437248995983937,0.2764056224899598,0.40401606425702813,0.3111696787148594
DCLP5/62,0.3157881526104418,0.295933734939759,0.3224899598393574,0.24701305220883535,0.5204317269076305,0.2534136546184739
DCLP5/63,0.3331074297188755,0.5546184738955823,0.6257279116465864,0.23059738955823292,0.5061746987951807,0.22718373493975902
DCLP5/64,0.26460843373493975,0.3555220883534137,0.21227409638554215,0.25735441767068273,0.3789909638554217,0.3654116465863454
DCLP5/65,0.44605923694779115,0.4684738955823293,0.4062751004016064,0.2852660642570281,0.4205070281124498,0.3643574297188755
DCLP5/66,0.3485692771084337,0.4415411646586345,0.4879769076305221,0.32419678714859435,0.46654116465863454,0.2355421686746988
DCLP5/67,0.40978915662650606,0.22080823293172694,0.22397088353413655,0.35589859437751004,0.27936746987951805,0.3074799196787149
DCLP5/68,0.3048443775100402,0.37730923694779117,0.4010291164658634,0.3485943775100402,0.5600903614457831,0.2911897590361446
DCLP5/69,0.40115461847389555,0.3566516064257028,0.3276857429718875,0.37487449799196787,0.3321285140562249,0.4245983935742972
DCLP5/7,0.29445281124497996,0.267570281124498,0.37120983935742974,0.312324297188755,0.34668674698795177,0.2317520080321285
DCLP5/70,0.37143574297188753,0.4411395582329317,0.4788152610441767,0.2295682730923695,0.5098393574297189,0.3317269076305221
DCLP5/71,0.28862951807228915,0.26817269076305217,0.23333333333333334,0.3561495983935743,0.47141064257028115,0.2464106425702811
DCLP5/72,0.32675702811244983,0.29656124497991965,0.3241214859437751,0.3466616465863454,0.45687751004016064,0.24887048192771083
DCLP5/73,0.33325803212851407,0.3918674698795181,0.4551204819277109,0.2543674698795181,0.40276104417670683,0.31950301204819276
DCLP5/74,0.25537148594377507,0.2052710843373494,0.10559738955823293,0.1727409638554217,0.3270582329317269,0.2756777108433735
DCLP5/75,0.3156124497991968,0.41081827309236946,0.18923192771084335,0.24889558232931727,0.36777108433734945,0.3065763052208835
DCLP5/76,0.30509538152610444,0.2899347389558233,0.19091365461847387,0.19937248995983936,0.4537399598393574,0.17886546184738955
DCLP5/77,0.30298694779116464,0.46285140562248994,0.4710843373493976,0.264031124497992,0.37926706827309237,0.305245983935743
DCLP5/78,0.2736194779116466,0.29272088353413656,0.2415913654618474,0.22766064257028112,0.3865712851405622,0.30002510040160646
DCLP5/79,0.3164156626506024,0.32838855421686747,0.3142821285140562,0.4287901606425703,0.4435240963855422,0.41119477911646585
DCLP5/8,0.3598895582329317,0.29834337349397594,0.33516566265060244,0.30396586345381527,0.38245481927710845,0.4068022088353414
DCLP5/80,0.3445030120481928,0.320933734939759,0.33627008032128514,0.31608935742971883,0.36224899598393573,0.27981927710843374
DCLP5/81,0.1655371485943775,0.33436244979919677,0.327710843373494,0.1415160642570281,0.3596636546184739,0.1934738955823293
DCLP5/82,0.29425200803212853,0.3749748995983936,0.2619226907630522,0.22833835341365463,0.3568775100401606,0.3159638554216867
DCLP5/83,0.32625502008032126,0.38524096385542167,0.409136546184739,0.22261546184738956,0.31398092369477915,0.2481676706827309
DCLP5/84,0.23483935742971887,0.34500502008032125,0.13611947791164658,0.23160140562248996,0.25296184738955824,0.32035642570281125
DCLP5/85,0.29701305220883534,0.1955070281124498,0.1570281124497992,0.25376506024096385,0.35850903614457835,0.2724397590361446
DCLP5/86,0.278890562248996,0.18990963855421686,0.23642068273092368,0.26699297188755017,0.394929718875502,0.3801957831325301
DCLP5/87,0.38534136546184744,0.3493724899598394,0.24284638554216867,0.4151606425702811,0.3800200803212851,0.3443273092369478
DCLP5/88,0.3119226907630522,0.3851656626506024,0.3254016064257028,0.3155622489959839,0.4630522088353414,0.4126506024096386
DCLP5/89,0.16420682730923694,0.16757028112449798,0.13012048192771083,0.11036646586345382,0.38423694779116463,0.19829317269076305
DCLP5/9,0.36257530120481923,0.41089357429718876,0.29796686746987955,0.29819277108433734,0.3436997991967871,0.4017319277108434
DCLP5/90,0.3157630522088353,0.36079317269076305,0.22397088353413655,0.23022088353413656,0.5018574297188755,0.322113453815261
DCLP5/91,0.33396084337349397,0.30682730923694784,0.2262550200803213,0.2843122489959839,0.3733433734939759,0.30100401606425703
DCLP5/92,0.33237951807228916,0.36174698795180726,0.44440261044176704,0.3169678714859438,0.37196285140562246,0.35298694779116463
DCLP5/93,0.2964357429718875,0.22158634538152608,0.15938755020080322,0.1981174698795181,0.4097640562248996,0.3137801204819277
DCLP5/94,0.38606927710843375,0.24525602409638556,0.23140060240963856,0.3079066265060241,0.4236194779116466,0.4067520080321285
DCLP5/95,0.346460843373494,0.3545180722891566,0.27703313253012046,0.24811746987951808,0.4143825301204819,0.2697289156626506
DCLP5/96,0.31992971887550203,0.3404869477911647,0.3391315261044177,0.23837851405622487,0.42311746987951804,0.24766566265060241
DCLP5/97,0.308433734939759,0.31021586345381524,0.4338353413654618,0.2699799196787149,0.3297439759036145,0.1709839357429719
DCLP5/98,0.2679467871485944,0.2509789156626506,0.2641566265060241,0.30740461847389555,0.454066265060241,0.311320281124498
DCLP5/99,0.32464859437751004,0.39641064257028114,0.27168674698795175,0.3277359437751004,0.43293172690763054,0.3771335341365462
Flair/1,0.3354417670682731,0.40873493975903613,0.40981425702811247,0.2911144578313253,0.39884538152610444,0.30007530120481923
Flair/10,0.30868473895582327,0.38488955823293175,0.2350401606425703,0.2904618473895582,0.46152108433734945,0.25534638554216865
Flair/101,0.33724899598393576,0.4085341365461847,0.268574297188755,0.28401104417670686,0.40160642570281124,0.28872991967871486
Flair/102,0.3477911646586345,0.4546937751004016,0.5002259036144578,0.33810240963855426,0.4298443775100402,0.3233433734939759
Flair/103,0.36199799196787147,0.326179718875502,0.34839357429718876,0.3045933734939759,0.45564759036144575,0.3137299196787149
Flair/104,0.3682479919678715,0.35072791164658634,0.22241465863453816,0.2908383534136546,0.4391817269076305,0.23862951807228913
Flair/105,0.31526104417670686,0.44244477911646585,0.3642570281124498,0.2354417670682731,0.45125502008032126,0.2065261044176707
Flair/106,0.3544678714859438,0.15936244979919678,0.16039156626506024,0.3234437751004016,0.2968624497991968,0.31370481927710847
Flair/107,0.3302961847389558,0.34156626506024096,0.2378012048192771,0.3244979919678715,0.4672439759036145,0.31817269076305216
Flair/108,0.3578564257028113,0.3681475903614458,0.2322038152610442,0.2975903614457831,0.4351656626506024,0.30070281124497994
Flair/11,0.20961345381526103,0.3761546184738956,0.34914658634538154,0.15818273092369478,0.5788905622489959,0.27141064257028114
Flair/111,0.3935491967871486,0.3944779116465863,0.27698293172690763,0.2668172690763052,0.4378514056224899,0.36516064257028114
Flair/115,0.3032881526104418,0.31553714859437754,0.29856927710843373,0.28825301204819276,0.4638805220883534,0.3861696787148594
Flair/116,0.4042419678714859,0.3566265060240964,0.25122991967871483,0.4029869477911647,0.41576305220883536,0.3655371485943775
Flair/117,0.39914658634538147,0.440386546184739,0.3557228915662651,0.42409638554216866,0.5232178714859438,0.3930973895582329
Flair/12,0.40082831325301205,0.35961345381526105,0.3047690763052209,0.29485441767068277,0.4151355421686747,0.4056726907630522
Flair/120,0.35549698795180723,0.46453313253012046,0.34799196787148595,0.3620983935742972,0.43717369477911644,0.2747238955823293
Flair/121,0.3713102409638554,0.2684487951807229,0.1760542168674699,0.3517319277108434,0.3830321285140562,0.34149096385542166
Flair/122,0.3810240963855422,0.25178212851405624,0.25502008032128515,0.33443775100401607,0.4977158634538153,0.25213353413654616
Flair/124,0.38441265060240964,0.3621987951807229,0.38237951807228915,0.43197791164658633,0.42818775100401607,0.3961847389558233
Flair/125,0.35582329317269074,0.3660140562248996,0.3039658634538152,0.4083333333333333,0.40371485943775104,0.3521084337349398
Flair/13,0.39487951807228916,0.2984186746987952,0.36039156626506025,0.38245481927710845,0.420105421686747,0.40439257028112446
Flair/14,0.36285140562248996,0.2576556224899598,0.20268574297188754,0.3323544176706827,0.3973644578313253,0.3943273092369478
Flair/15,0.3076556224899598,0.3433483935742972,0.3734186746987952,0.3445281124497992,0.42848895582329316,0.26342871485943775
Flair/16,0.26671686746987955,0.18596887550200802,0.19334839357429717,0.3011044176706827,0.3625502008032129,0.42178714859437755
Flair/19,0.30953815261044176,0.2002761044176707,0.1848644578313253,0.2856425702811245,0.40291164658634543,0.34078815261044176
Flair/2,0.4078564257028113,0.46179718875502007,0.36563755020080324,0.3882781124497992,0.43049698795180724,0.29068775100401606
Flair/22,0.40439257028112446,0.3391315261044177,0.3184236947791165,0.4350652610441767,0.443925702811245,0.38423694779116463
Flair/23,0.2706074297188755,0.42520080321285136,0.3229417670682731,0.23082329317269074,0.4734939759036145,0.35685240963855425
Flair/25,0.25860943775100403,0.3287901606425703,0.15281124497991969,0.27259036144578314,0.49294678714859436,0.27075803212851407
Flair/28,0.30075301204819277,0.23064759036144578,0.15474397590361447,0.27906626506024096,0.4629016064257028,0.30311244979919677
Flair/3,0.4544678714859438,0.45843373493975903,0.3910642570281125,0.3902610441767068,0.43052208835341366,0.36543674698795187
Flair/31,0.38606927710843375,0.27344377510040163,0.2360190763052209,0.31302710843373494,0.4286897590361446,0.3116214859437751
Flair/35,0.2762801204819277,0.47439759036144574,0.2808232931726907,0.22339357429718876,0.4430722891566265,0.31197289156626506
Flair/36,0.3962349397590362,0.4518574297188755,0.44432730923694774,0.373820281124498,0.5356425702811245,0.329066265060241
Flair/38,0.2959839357429719,0.3333082329317269,0.3153363453815261,0.24974899598393574,0.4113955823293172,0.3865461847389558
Flair/4,0.3894076305220883,0.17811244979919677,0.18837851405622488,0.2715612449799197,0.3863453815261044,0.27110943775100405
Flair/40,0.23227911646586344,0.30828313253012046,0.14317269076305222,0.17914156626506023,0.408785140562249,0.4466616465863454
Flair/43,0.3270080321285141,0.5294929718875502,0.5003514056224899,0.3030120481927711,0.46086847389558233,0.3704066265060241
Flair/44,0.33632028112449797,0.2947038152610442,0.35449297188755025,0.30682730923694784,0.44216867469879517,0.31551204819277107
Flair/47,0.36390562248995983,0.294754016064257,0.26829819277108435,0.3581074297188755,0.4639558232931727,0.30815763052208833
Flair/48,0.31744477911646585,0.3332831325301205,0.23654618473895583,0.27143574297188755,0.4642319277108434,0.28190261044176707
Flair/49,0.3620983935742972,0.35833333333333334,0.38529116465863456,0.3595883534136546,0.4203313253012048,0.3665913654618474
Flair/5,0.35833333333333334,0.3785642570281124,0.2796686746987952,0.35208333333333336,0.3638303212851406,0.3233433734939759
Flair/50,0.36621485943775106,0.44211847389558234,0.4005522088353414,0.30873493975903615,0.487675702811245,0.3113955823293173
Flair/51,0.28094879518072285,0.5174698795180723,0.2884287148594378,0.26905120481927713,0.38365963855421686,0.3188755020080321
Flair/52,0.3329819277108434,0.310140562248996,0.3245983935742972,0.3242218875502008,0.3468624497991968,0.3682981927710844
Flair/55,0.29221887550200804,0.341039156626506,0.2214859437751004,0.30230923694779116,0.4494728915662651,0.3717118473895582
Flair/56,0.3371987951807229,0.3210341365461848,0.3361696787148594,0.37848895582329317,0.5971385542168675,0.3868222891566265
Flair/57,0.3624497991967871,0.4615712851405622,0.31997991967871486,0.31184738955823293,0.3933483935742972,0.44144076305220886
Flair/6,0.3650602409638554,0.2769578313253012,0.19437751004016063,0.3089859437751004,0.37286646586345384,0.3745983935742972
Flair/61,0.4119477911646586,0.3212600401606426,0.3211847389558233,0.33993473895582327,0.4529116465863454,0.37713353413654616
Flair/62,0.45092871485943775,0.45735441767068274,0.395456827309237,0.36516064257028114,0.40326305220883535,0.30835843373493976
Flair/63,0.3675200803212852,0.42826305220883537,0.3335843373493976,0.37532630522088356,0.4682981927710843,0.3540160642570281
Flair/64,0.30200803212851407,0.2639558232931727,0.26741967871485944,0.2507530120481928,0.4845632530120482,0.2804969879518072
Flair/65,0.41282630522088354,0.37507530120481924,0.2648845381526104,0.4076305220883534,0.3823544176706827,0.2552710843373494
Flair/67,0.27791164658634543,0.4010793172690763,0.12364457831325301,0.21390562248995984,0.40768072289156626,0.33865461847389555
Flair/68,0.3340612449799197,0.38775100401606427,0.4079317269076305,0.2532379518072289,0.36772088353413657,0.2953564257028113
Flair/69,0.3041415662650602,0.35700301204819274,0.30225903614457833,0.3377761044176707,0.4307730923694779,0.2920933734939759
Flair/7,0.4041917670682731,0.30436746987951807,0.3263805220883534,0.41613955823293175,0.42808734939759036,0.27861445783132527
Flair/71,0.2875753012048193,0.308609437751004,0.18930722891566265,0.28692269076305216,0.31822289156626504,0.3457078313253012
Flair/72,0.3349146586345382,0.3037901606425703,0.25218373493975904,0.3436495983935743,0.4975401606425703,0.2875
Flair/74,0.44432730923694774,0.36887550200803215,0.3258032128514056,0.38210341365461853,0.42442269076305217,0.3085843373493976
Flair/75,0.3104417670682731,0.40476907630522085,0.33516566265060244,0.20474397590361446,0.3996987951807229,0.25384036144578315
Flair/81,0.3674698795180723,0.3402861445783133,0.34252008032128517,0.37532630522088356,0.41372991967871486,0.3934738955823293
Flair/84,0.320105421686747,0.41518574297188754,0.2806726907630522,0.33717369477911646,0.42884036144578314,0.4295933734939759
Flair/85,0.38072289156626504,0.3900602409638554,0.29543172690763053,0.30220883534136544,0.45938755020080324,0.4030371485943775
Flair/87,0.3304718875502008,0.27427208835341366,0.16802208835341365,0.30933734939759033,0.4457831325301205,0.23847891566265061
Flair/91,0.26867469879518074,0.3919176706827309,0.2723895582329317,0.2619728915662651,0.44176706827309237,0.36237449799196786
Flair/94,0.38722389558232934,0.31862449799196785,0.2887801204819277,0.3977409638554217,0.43797690763052205,0.22688253012048193
Flair/95,0.31069277108433735,0.2999497991967871,0.23458835341365464,0.3590361445783133,0.4724146586345382,0.31051706827309233
Flair/96,0.39864457831325306,0.4499497991967871,0.3286144578313253,0.4492720883534137,0.44811746987951806,0.34964859437751006
Flair/97,0.3701807228915663,0.4881777108433735,0.401179718875502,0.2659136546184739,0.3874497991967871,0.18918172690763052
Flair/99,0.2881777108433735,0.38393574297188754,0.2341867469879518,0.28265562248995985,0.4368222891566265,0.28305722891566265
HUPA-UCM/26,0.40918674698795177,0.20951305220883534,0.2454066265060241,0.4095130522088353,0.44447791164658634,0.18293172690763052
HUPA-UCM/27,0.38285642570281125,0.24841867469879517,0.16094377510040161,0.34756526104417673,0.4056726907630522,0.22964357429718876
HUPA-UCM/28,0.27535140562248994,0.40727911646586346,0.14307228915662654,0.2556224899598394,0.30818273092369475,0.16528614457831325
Loop/10,0.3105421686746988,0.37168674698795184,0.18639558232931727,0.31634036144578315,0.47374497991967873,0.2119979919678715
Loop/100,0.2871987951807229,0.3868222891566265,0.3450301204819277,0.286320281124498,0.466390562248996,0.24028614457831324
Loop/1000,0.30120481927710846,0.3636546184738956,0.4541164658634538,0.2309487951807229,0.2907881526104418,0.1698293172690763
Loop/1001,0.36480923694779116,0.36593875502008033,0.39884538152610444,0.37725903614457834,0.4627761044176707,0.2997740963855422
Loop/1002,0.2897339357429719,0.41917670682730923,0.3071285140562249,0.27183734939759036,0.33391064257028114,0.14799196787148594
Loop/1004,0.39711345381526103,0.35080321285140564,0.2897339357429719,0.341039156626506,0.47098393574297187,0.2770080321285141
Loop/1005,0.14801706827309236,0.4648343373493976,0.049899598393574295,0.1306475903614458,0.35288654618473897,0.18014558232931727
Loop/1008,0.3903363453815261,0.38478915662650603,0.22836345381526105,0.3311997991967871,0.45815763052208835,0.19410140562248998
Loop/1009,0.2695281124497992,0.3991214859437751,0.21403112449799194,0.29425200803212853,0.30745481927710844,0.21927710843373494
Loop/101,0.31839859437751006,0.49088855421686745,0.31217369477911644,0.3388805220883534,0.4129518072289156,0.29523092369477916
Loop/1011,0.3364457831325301,0.44176706827309237,0.35635040160642567,0.34786646586345377,0.339382530120482,0.2872489959839358
Loop/1012,0.3085843373493976,0.2588353413654618,0.35366465863453816,0.2688755020080321,0.28619477911646585,0.22404618473895582
Loop/1013,0.29262048192771084,0.3929467871485944,0.2605421686746988,0.27356927710843376,0.4062751004016064,0.32110943775100403
Loop/1014,0.3161395582329317,0.4676204819277109,0.4325301204819277,0.274824297188755,0.34756526104417673,0.21081827309236947
Loop/1016,0.3744477911646586,0.42974397590361446,0.3281375502008032,0.2821536144578313,0.3746485943775101,0.2234186746987952
Loop/1018,0.29272088353413656,0.37949297188755016,0.1963855421686747,0.3109437751004016,0.4507781124497992,0.27311746987951807
Loop/1019,0.34036144578313254,0.3997238955823293,0.4207078313253012,0.30901104417670683,0.34987449799196785,0.18177710843373493
Loop/102,0.36792168674698794,0.4043172690763052,0.3885793172690763,0.30153112449799196,0.4750753012048193,0.347640562248996
Loop/1021,0.2092871485943775,0.3922690763052209,0.07934236947791165,0.15005020080321285,0.54375,0.18386044176706828
Loop/1025,0.3611194779116466,0.3409638554216867,0.31666666666666665,0.31937751004016063,0.44728915662650603,0.39897088353413657
Loop/1026,0.4044678714859438,0.3485692771084337,0.2309487951807229,0.2792168674698795,0.43935742971887554,0.24011044176706828
Loop/1027,0.24412650602409638,0.45522088353413653,0.1951305220883534,0.26272590361445786,0.3809738955823293,0.2561495983935743
Loop/1029,0.39651104417670685,0.22924196787148596,0.3289156626506024,0.3686746987951807,0.4563755020080321,0.3268825301204819
Loop/1030,0.331074297188755,0.4138303212851406,0.3380020080321285,0.4526104417670683,0.4318775100401606,0.3184236947791165
Loop/1031,0.342745983935743,0.2579066265060241,0.3489206827309237,0.37803714859437754,0.4511295180722891,0.2784638554216867
Loop/1033,0.36603915662650605,0.3646084337349398,0.42886546184738955,0.37530120481927715,0.43210341365461846,0.36603915662650605
Loop/1036,0.2317520080321285,0.4205823293172691,0.46621485943775104,0.19959839357429718,0.39746485943775106,0.337675702811245
Loop/1037,0.327359437751004,0.3070281124497992,0.16189759036144577,0.21701807228915665,0.4110943775100402,0.2845130522088353
Loop/1039,0.32793674698795183,0.3542921686746988,0.26388052208835344,0.2999748995983936,0.3455321285140562,0.2278363453815261
Loop/104,0.2857680722891566,0.35311244979919676,0.1992971887550201,0.3161144578313253,0.257605421686747,0.3493975903614458
Loop/1041,0.14475401606425703,0.36312751004016064,0.051480923694779114,0.13473895582329315,0.5158383534136546,0.09967369477911646
Loop/1043,0.3678212851405622,0.3329819277108434,0.3044678714859438,0.34786646586345377,0.4402359437751004,0.28300702811244977
Loop/1044,0.3068775100401606,0.3909889558232932,0.2508785140562249,0.3145833333333333,0.4875502008032128,0.2820532128514056
Loop/1045,0.32108433734939756,0.4322791164658634,0.4,0.3670682730923695,0.40519578313253013,0.35434236947791165
Loop/1046,0.3153614457831325,0.36759538152610444,0.41608935742971886,0.23724899598393576,0.3818022088353414,0.2365210843373494
Loop/1047,0.32971887550200807,0.40888554216867473,0.2623493975903614,0.25499497991967873,0.3657128514056225,0.3072791164658634
Loop/1048,0.38589357429718874,0.3341616465863454,0.2549698795180723,0.43042168674698794,0.4519327309236948,0.4048694779116466
Loop/1049,0.28235441767068276,0.5460592369477911,0.5595883534136546,0.21556224899598395,0.36588855421686745,0.2397590361445783
Loop/105,0.3154116465863454,0.3125502008032129,0.09620983935742972,0.25183232931726907,0.5050953815261044,0.2102660642570281
Loop/1052,0.414508032128514,0.3318273092369478,0.23870481927710846,0.35971385542168677,0.4452058232931727,0.2729668674698795
Loop/1053,0.3628765060240964,0.5024849397590362,0.5757279116465863,0.29718875502008035,0.45647590361445783,0.24841867469879517
Loop/1055,0.21340361445783132,0.5274849397590361,0.14944779116465864,0.1414909638554217,0.3453564257028113,0.24716365461847392
Loop/1056,0.3805722891566265,0.33918172690763054,0.36636546184738955,0.2852409638554217,0.34322289156626506,0.24771586345381527
Loop/1057,0.40133032128514057,0.42530120481927713,0.30158132530120485,0.3030622489959839,0.3313755020080321,0.3429467871485944
Loop/1058,0.43935742971887554,0.37492469879518076,0.35160642570281125,0.41370481927710845,0.40376506024096387,0.3501506024096386
Loop/1059,0.3703062248995984,0.36242469879518074,0.2833082329317269,0.35878514056224897,0.5176455823293172,0.3763303212851406
Loop/106,0.4184236947791165,0.33441265060240966,0.2319528112449799,0.39668674698795187,0.40996485943775096,0.35399096385542167
Loop/1060,0.29236947791164664,0.42924196787148594,0.30737951807228914,0.27552710843373496,0.3852158634538153,0.2671184738955823
Loop/1061,0.35195783132530123,0.5091365461847389,0.4075803212851406,0.3392570281124498,0.44093875502008034,0.2672439759036145
Loop/1062,0.3045682730923695,0.45358935742971884,0.2564508032128514,0.29410140562248993,0.4108433734939759,0.32515060240963856
Loop/1063,0.30512048192771085,0.4556224899598394,0.31950301204819276,0.23165160642570282,0.39086345381526105,0.23908132530120482
Loop/1064,0.341039156626506,0.3795180722891566,0.49663654618473896,0.35200803212851406,0.4435240963855422,0.2903363453815261
Loop/1065,0.40461847389558236,0.22748493975903614,0.18478915662650602,0.3488955823293172,0.3825301204819277,0.2625251004016064
Loop/1066,0.3931475903614458,0.48702309236947794,0.31754518072289156,0.3858684738955824,0.39791666666666664,0.37005522088353415
Loop/1067,0.3270080321285141,0.34545682730923694,0.18034638554216867,0.254066265060241,0.46217369477911646,0.2663654618473896
Loop/1068,0.3601154618473895,0.45220883534136547,0.2346636546184739,0.3030371485943775,0.36842369477911646,0.3169176706827309
Loop/1069,0.27786144578313254,0.39322289156626505,0.28343373493975904,0.19698795180722892,0.3171937751004016,0.19161646586345382
Loop/107,0.3353915662650602,0.3806475903614458,0.40722891566265057,0.38727409638554217,0.3674949799196787,0.26699297188755017
Loop/1070,0.20810742971887553,0.42570281124497994,0.09171686746987952,0.2137550200803213,0.502183734939759,0.22745983935742972
Loop/1071,0.39407630522088355,0.4004518072289157,0.322113453815261,0.3817520080321285,0.46536144578313254,0.2705321285140562
Loop/1074,0.30700301204819275,0.4529116465863454,0.473820281124498,0.3184487951807229,0.36711847389558233,0.2816014056224899
Loop/1075,0.29633534136546186,0.4484437751004016,0.49824297188755023,0.3469628514056225,0.40981425702811247,0.28707329317269076
Loop/1078,0.35552208835341365,0.3676706827309237,0.1520331325301205,0.261671686746988,0.41370481927710845,0.21418172690763052
Loop/1079,0.2683483935742972,0.448293172690763,0.313679718875502,0.298820281124498,0.3730672690763052,0.3138303212851406
Loop/1080,0.3598895582329317,0.30230923694779116,0.17811244979919677,0.28980923694779115,0.4215361445783133,0.320933734939759
Loop/1081,0.384964859437751,0.5306224899598394,0.27670682730923696,0.3811495983935743,0.413504016064257,0.3400602409638554
Loop/1083,0.2040160642570281,0.42457329317269077,0.24174196787148594,0.1837098393574297,0.40612449799196787,0.1508534136546185
Loop/1084,0.3462098393574297,0.3485441767068273,0.41922690763052206,0.32836345381526105,0.3890562248995984,0.36794678714859436
Loop/1090,0.21177208835341366,0.37921686746987954,0.3646084337349398,0.14241967871485942,0.3233182730923695,0.27492469879518067
Loop/1091,0.2549698795180723,0.511320281124498,0.25112951807228917,0.26024096385542167,0.5159136546184739,0.2920933734939759
Loop/1092,0.29952309236947794,0.242570281124498,0.2254016064257028,0.23205321285140562,0.48157630522088357,0.36636546184738955
Loop/1093,0.16997991967871487,0.4221636546184739,0.08687248995983936,0.14174196787148594,0.42643072289156625,0.10988955823293174
Loop/1094,0.22238955823293172,0.465863453815261,0.24608433734939758,0.24372489959839355,0.3305220883534137,0.29741465863453814
Loop/1095,0.33629518072289155,0.17718373493975906,0.15153112449799197,0.3039909638554217,0.3256024096385542,0.286320281124498
Loop/1097,0.2655371485943775,0.34252008032128517,0.16315261044176707,0.2378012048192771,0.36162148594377513,0.22454819277108434
Loop/1099,0.25238453815261047,0.3012801204819277,0.19834337349397588,0.23677208835341365,0.4590612449799197,0.33205321285140565
Loop/11,0.3331074297188755,0.343574297188755,0.22633032128514058,0.32994477911646586,0.4018574297188755,0.2724899598393574
Loop/110,0.398644578313253,0.23559236947791165,0.2431726907630522,0.4640562248995984,0.4663152610441767,0.30677710843373496
Loop/1100,0.48596887550200807,0.4143574297188755,0.3958584337349398,0.46493473895582327,0.4170180722891566,0.37236445783132527
Loop/1101,0.3083082329317269,0.42605421686746986,0.257605421686747,0.3278363453815261,0.347816265060241,0.22605421686746988
Loop/1103,0.36438253012048194,0.3234939759036145,0.18170180722891566,0.29036144578313255,0.4519578313253012,0.18227911646586345
Loop/1104,0.3456827309236948,0.26493473895582326,0.3121234939759036,0.2590110441767068,0.4115461847389558,0.30353915662650605
Loop/1105,0.3862700803212852,0.4215110441767068,0.4251255020080321,0.31736947791164655,0.37753514056224896,0.2906877510040161
Loop/1107,0.28734939759036143,0.3898092369477911,0.20983935742971888,0.2418925702811245,0.40727911646586346,0.31031626506024096
Loop/1108,0.24786646586345382,0.2973644578313253,0.2996234939759036,0.20589859437751004,0.49259538152610444,0.3332831325301205
Loop/1109,0.40978915662650606,0.26503514056224897,0.3349146586345382,0.3281124497991968,0.434789156626506,0.2108433734939759
Loop/1112,0.27788654618473896,0.4487449799196787,0.14108935742971887,0.29068775100401606,0.4455823293172691,0.3115461847389558
Loop/1114,0.327535140562249,0.4031124497991968,0.2227660642570281,0.38240461847389556,0.4213102409638554,0.3590110441767068
Loop/1115,0.25143072289156626,0.30589859437751005,0.31270080321285143,0.21940261044176707,0.33551706827309236,0.23230421686746988
Loop/1116,0.3539156626506024,0.3808483935742972,0.32083333333333336,0.26556224899598396,0.3267319277108434,0.24887048192771083
Loop/1117,0.3729417670682731,0.29194277108433736,0.2896335341365462,0.34189257028112446,0.5398092369477911,0.31393072289156626
Loop/1118,0.10865963855421687,0.41001506024096385,0.033182730923694774,0.09533132530120482,0.4871987951807229,0.03767570281124498
Loop/1119,0.3775602409638554,0.4548443775100402,0.3607178714859438,0.43998493975903613,0.3809989959839358,0.21403112449799197
Loop/112,0.4419176706827309,0.45537148594377513,0.3917670682730924,0.38117469879518073,0.5255020080321285,0.22668172690763053
Loop/1120,0.12868975903614457,0.44284638554216865,0.058810240963855426,0.10509538152610441,0.4587600401606426,0.07153614457831324
Loop/1121,0.3156124497991968,0.4288152610441767,0.4814759036144578,0.3453062248995984,0.42050702811244983,0.36239959839357433
Loop/1123,0.17658132530120482,0.45331325301204817,0.3068022088353414,0.17771084337349397,0.35778112449799193,0.22683232931726907
Loop/1124,0.25170682730923694,0.4502259036144578,0.1910893574297189,0.23411144578313253,0.2720381526104418,0.2748995983935743
Loop/1125,0.4307730923694779,0.3576556224899598,0.32161144578313255,0.36159638554216866,0.46375502008032127,0.2845130522088353
Loop/1126,0.38875502008032126,0.3685993975903614,0.49103915662650605,0.4311244979919679,0.4648343373493976,0.28255522088353413
Loop/1129,0.2599899598393574,0.6060240963855422,0.27886546184738953,0.16799698795180723,0.2674698795180723,0.1945281124497992
Loop/113,0.29912148594377513,0.2375,0.32339357429718874,0.2889056224899598,0.3052961847389558,0.2818273092369478
Loop/1132,0.42241465863453814,0.41385542168674694,0.4031124497991968,0.2677961847389558,0.43052208835341366,0.3145833333333333
Loop/1133,0.264859437751004,0.36041666666666666,0.19761546184738957,0.2500251004016064,0.5017570281124498,0.2939508032128514
Loop/1135,0.3284136546184739,0.376179718875502,0.35542168674698793,0.2920180722891566,0.3912901606425703,0.22477409638554216
Loop/1137,0.3030120481927711,0.3837600401606426,0.21674196787148595,0.2756526104417671,0.4504016064257028,0.2920682730923695
Loop/1138,0.37223895582329314,0.4851907630522089,0.4759287148594378,0.3214106425702811,0.467745983935743,0.3578062248995984
Loop/1139,0.2916666666666667,0.3746234939759036,0.37492469879518076,0.3541415662650602,0.4358433734939759,0.3390562248995984
Loop/114,0.2891817269076305,0.4282128514056225,0.5204066265060241,0.238504016064257,0.339382530120482,0.315386546184739
Loop/1140,0.11041666666666666,0.512023092369478,0.102535140562249,0.11907630522088354,0.411320281124498,0.20100401606425702
Loop/1142,0.001932730923694779,0.627359437751004,0.00040160642570281126,0.0022841365461847393,0.24490461847389558,0.003714859437751004
Loop/1143,0.2943775100401606,0.30454317269076303,0.13102409638554216,0.29465361445783134,0.29103915662650603,0.22791164658634538
Loop/1145,0.2202058232931727,0.29711345381526105,0.21234939759036145,0.19977409638554217,0.40135542168674704,0.33729919678714865
Loop/1147,0.3025602409638554,0.29262048192771084,0.26864959839357433,0.31347891566265057,0.4157128514056225,0.35426706827309234
Loop/1148,0.2683734939759036,0.35228413654618473,0.2323293172690763,0.29277108433734944,0.43283132530120483,0.2285893574297189
Loop/1149,0.3601656626506024,0.4122489959839358,0.47562751004016063,0.315035140562249,0.49216867469879516,0.29407630522088357
Loop/115,0.29038654618473897,0.4944528112449799,0.3865963855421687,0.24764056224899597,0.33865461847389555,0.27065763052208835
Loop/1150,0.15082831325301205,0.49239457831325306,0.12176204819277107,0.1805471887550201,0.47231425702811247,0.2719628514056225
Loop/1151,0.2492218875502008,0.20178212851405625,0.15813253012048192,0.3159136546184739,0.5638805220883535,0.3045682730923695
Loop/1152,0.15968875502008031,0.453890562248996,0.1055722891566265,0.12153614457831326,0.2953815261044177,0.13614457831325302
Loop/1153,0.07176204819277109,0.4396335341365462,0.010617469879518072,0.03599397590361446,0.2511546184738956,0.05303714859437751
Loop/1154,0.21325301204819275,0.3992218875502008,0.41674196787148593,0.1903112449799197,0.40090361445783135,0.1903112449799197
Loop/1155,0.352183734939759,0.31744477911646585,0.14633534136546184,0.31380522088353413,0.4317520080321285,0.2915160642570281
Loop/1158,0.2281124497991968,0.3914407630522089,0.09410140562248996,0.1705070281124498,0.42931726907630524,0.157605421686747
Loop/1159,0.2655873493975904,0.5588353413654619,0.37793674698795177,0.16285140562248995,0.37585341365461844,0.19937248995983936
Loop/116,0.1309487951807229,0.39937248995983937,0.07028112449799197,0.13739959839357432,0.3965612449799197,0.11207329317269075
Loop/1161,0.3797690763052209,0.35700301204819274,0.375175702811245,0.28190261044176707,0.37838855421686746,0.252886546184739
Loop/1162,0.257254016064257,0.45240963855421684,0.22467369477911647,0.2344879518072289,0.25532128514056224,0.3240210843373494
Loop/1163,0.09841867469879519,0.34006024096385545,0.046611445783132525,0.09181726907630523,0.43488955823293174,0.08125
Loop/1164,0.36315261044176705,0.4735441767068273,0.40522088353413654,0.22946787148594378,0.3592118473895582,0.25454317269076304
Loop/1165,0.33903112449799194,0.43639558232931724,0.49048694779116464,0.2816014056224899,0.28792670682730925,0.21127008032128514
Loop/1167,0.2414909638554217,0.3583082329317269,0.19359939759036143,0.21985441767068273,0.3676957831325301,0.18752510040160644
Loop/1169,0.32264056224899595,0.2956576305220883,0.33037148594377513,0.3170180722891566,0.44769076305220884,0.2758785140562249
Loop/1170,0.3103664658634538,0.38403614457831325,0.25747991967871486,0.2884036144578313,0.4750753012048193,0.3925451807228916
Loop/1173,0.21445783132530122,0.34733935742971883,0.09116465863453814,0.18541666666666667,0.43657128514056226,0.17555220883534137
Loop/1175,0.3346636546184739,0.3526355421686747,0.3161395582329317,0.31960341365461853,0.46247489959839355,0.3180722891566265
Loop/1176,0.19879518072289154,0.426355421686747,0.2516315261044177,0.28657128514056224,0.4671184738955823,0.23742469879518072
Loop/1177,0.4379267068273093,0.4042419678714859,0.3902359437751004,0.38418674698795185,0.3463102409638554,0.40439257028112446
Loop/1178,0.3307981927710843,0.44977409638554217,0.60589859437751,0.25612449799196785,0.5036144578313253,0.20414156626506025
Loop/1179,0.3597389558232932,0.3356425702811245,0.21019076305220882,0.32181224899598393,0.4230923694779116,0.34518072289156626
Loop/1181,0.35795682730923695,0.3497489959839358,0.45732931726907633,0.3330070281124498,0.3927710843373494,0.35913654618473895
Loop/1183,0.03431224899598394,0.35102911646586343,0.000928714859437751,0.01869979919678715,0.27730923694779114,0.030396586345381525
Loop/1184,0.25095381526104416,0.24879518072289158,0.32512550200803214,0.24533132530120483,0.44362449799196785,0.25421686746987954
Loop/1187,0.2776104417670683,0.3112700803212851,0.21116967871485942,0.2968875502008032,0.49974899598393574,0.2961345381526105
Loop/1188,0.20522088353413656,0.5217369477911646,0.28852911646586343,0.24392570281124498,0.39076305220883534,0.36438253012048194
Loop/119,0.32324297188755025,0.3358182730923695,0.3497740963855422,0.3259538152610442,0.45725401606425703,0.2384538152610442
Loop/1190,0.3165160642570281,0.4374497991967871,0.28614457831325296,0.30105421686746986,0.29156626506024097,0.21021586345381527
Loop/1191,0.221285140562249,0.42575301204819277,0.15120481927710844,0.21701807228915662,0.3711596385542169,0.30745481927710844
Loop/1193,0.3313002008032129,0.4831576305220883,0.5382279116465863,0.28815261044176704,0.44375,0.2791415662650602
Loop/1195,0.2210090361445783,0.3594628514056225,0.22444779116465863,0.19789156626506024,0.4095381526104418,0.2531877510040161
Loop/1196,0.4286897590361446,0.31832329317269076,0.2845381526104418,0.36877510040160644,0.42808734939759036,0.3003765060240964
Loop/1198,0.27776104417670683,0.4695281124497992,0.2819277108433735,0.2547439759036145,0.4940010040160642,0.26372991967871484
Loop/1199,0.3097640562248996,0.38150100401606424,0.2694779116465863,0.2935993975903614,0.4180722891566265,0.22670682730923694
Loop/12,0.36716867469879516,0.18458835341365462,0.25860943775100403,0.30916164658634543,0.4851907630522089,0.32301706827309234
Loop/120,0.21322791164658636,0.3252259036144578,0.06546184738955824,0.13662148594377507,0.545933734939759,0.15459337349397592
Loop/1200,0.421285140562249,0.3362198795180723,0.3927961847389558,0.27329317269076303,0.41463353413654613,0.3574046184738956
Loop/1201,0.2814759036144578,0.3221636546184739,0.23664658634538152,0.17379518072289155,0.4331074297188755,0.2521084337349398
Loop/1202,0.29543172690763053,0.3380020080321285,0.3070281124497992,0.32497489959839354,0.338679718875502,0.268925702811245
Loop/1203,0.2837098393574297,0.22429718875502008,0.2443273092369478,0.1674698795180723,0.37688253012048195,0.19884538152610443
Loop/1206,0.39924698795180724,0.4379518072289157,0.5014809236947791,0.3132781124497992,0.38358433734939756,0.2838102409638554
Loop/1207,0.3485943775100402,0.2747238955823293,0.294929718875502,0.30715361445783135,0.3717871485943775,0.315386546184739
Loop/1208,0.3485190763052209,0.34603413654618476,0.29929718875502004,0.3240963855421687,0.4378514056224899,0.3581827309236948
Loop/1209,0.3112198795180723,0.4959588353413655,0.3630522088353414,0.24889558232931727,0.37838855421686746,0.325
Loop/121,0.3573042168674699,0.46295180722891566,0.5124497991967871,0.30592369477911646,0.5608433734939758,0.3242218875502008
Loop/1210,0.35253514056224894,0.3544678714859438,0.3977660642570281,0.3588855421686747,0.3917670682730924,0.31762048192771086
Loop/1211,0.3573795180722891,0.45901104417670685,0.34769076305220886,0.3256275100401606,0.38519076305220884,0.2180722891566265
Loop/1212,0.34477911646586346,0.4655622489959839,0.3974146586345382,0.4093875502008032,0.4772339357429719,0.2820783132530121
Loop/124,0.4331074297188755,0.4239457831325301,0.3922690763052209,0.34595883534136546,0.408785140562249,0.2976154618473895
Loop/125,0.3590863453815261,0.289683734939759,0.25072791164658637,0.32397088353413656,0.49154116465863457,0.238855421686747
Loop/128,0.3106174698795181,0.2221636546184739,0.2235190763052209,0.35276104417670684,0.4647088353413655,0.22434738955823294
Loop/129,0.38687248995983936,0.5396335341365462,0.4952309236947791,0.3692520080321285,0.47615461847389556,0.24046184738955825
Loop/13,0.35356425702811245,0.41716867469879515,0.3845381526104418,0.25100401606425704,0.45122991967871484,0.20010040160642573
Loop/130,0.16089357429718876,0.4671435742971887,0.07738453815261044,0.14836847389558233,0.4022088353413655,0.18483935742971888
Loop/131,0.3148343373493976,0.3777359437751004,0.3524598393574297,0.2825803212851406,0.5085090361445783,0.3107680722891566
Loop/133,0.34500502008032125,0.38893072289156627,0.3942771084337349,0.31011546184738953,0.4484939759036145,0.3228664658634538
Loop/134,0.4053714859437751,0.3572289156626506,0.31302710843373494,0.3753263052208835,0.4592620481927711,0.2732178714859438
Loop/137,0.42369477911646586,0.4208835341365462,0.22043172690763052,0.31262550200803213,0.4275100401606426,0.3425953815261044
Loop/138,0.316867469879518,0.32961847389558235,0.24440261044176706,0.23551706827309235,0.494754016064257,0.3298443775100402
Loop/139,0.13498995983935744,0.3614206827309237,0.05524598393574297,0.13438755020080323,0.4607680722891566,0.10564759036144578
Loop/141,0.3378012048192771,0.48049698795180723,0.57464859437751,0.26332831325301204,0.44917168674698793,0.20434236947791165
Loop/142,0.37161144578313254,0.34485441767068276,0.34267068273092366,0.35813253012048196,0.4301957831325301,0.3556977911646586
Loop/143,0.43561746987951805,0.40120481927710844,0.39555722891566264,0.4151606425702811,0.430421686746988,0.4089357429718875
Loop/145,0.3778614457831325,0.41295180722891567,0.3557730923694779,0.3453564257028113,0.49021084337349397,0.30562248995983937
Loop/146,0.2936244979919679,0.40291164658634543,0.22427208835341364,0.28498995983935743,0.39038654618473895,0.2715612449799197
Loop/148,0.3252761044176707,0.365035140562249,0.3887299196787149,0.34031124497991966,0.4175953815261044,0.3282379518072289
Loop/149,0.3059487951807229,0.3886546184738956,0.20451807228915664,0.2397590361445783,0.5766566265060241,0.29929718875502004
Loop/15,0.29518072289156627,0.3300200803212851,0.3857680722891566,0.3765813253012048,0.48780120481927713,0.24801706827309236
Loop/151,0.2839859437751004,0.31583835341365457,0.3316265060240964,0.2918925702811245,0.44525602409638554,0.27906626506024096
Loop/153,0.2580823293172691,0.44937248995983936,0.3133283132530121,0.23132530120481928,0.3113955823293173,0.34342369477911644
Loop/154,0.25998995983935747,0.3410893574297189,0.4522841365461847,0.16900100401606424,0.26247489959839354,0.16528614457831325
Loop/157,0.2964357429718875,0.4280622489959839,0.41290160642570284,0.31280120481927715,0.42008032128514056,0.3094377510040161
Loop/158,0.33589357429718875,0.2924196787148594,0.180070281124498,0.25815763052208834,0.3521335341365462,0.24076305220883534
Loop/16,0.02715863453815261,0.3819528112449799,0.004367469879518072,0.03757530120481927,0.4340863453815261,0.053388554216867466
Loop/160,0.3711596385542169,0.3936997991967871,0.43566767068273093,0.28983433734939756,0.3536144578313253,0.28900602409638554
Loop/162,0.3534387550200803,0.2604166666666667,0.3377259036144578,0.2565261044176707,0.4186495983935743,0.2259789156626506
Loop/163,0.29528112449799193,0.42793674698795175,0.29583333333333334,0.3560993975903614,0.43132530120481927,0.4371234939759036
Loop/164,0.15055220883534137,0.5356927710843373,0.1632781124497992,0.17193775100401607,0.48539156626506025,0.2931726907630522
Loop/165,0.33707329317269075,0.39693775100401607,0.3505020080321285,0.4508534136546185,0.4415411646586345,0.30948795180722893
Loop/167,0.16069277108433735,0.4582831325301205,0.12818775100401605,0.12075803212851405,0.4075803212851406,0.22768574297188757
Loop/169,0.3669678714859438,0.37512550200803213,0.4019578313253012,0.3049949799196787,0.4641315261044177,0.2385793172690763
Loop/171,0.3725652610441767,0.28458835341365457,0.24174196787148594,0.39284638554216866,0.37793674698795177,0.24106425702811243
Loop/173,0.18461345381526104,0.2996987951807229,0.15923694779116465,0.10695281124497992,0.3902610441767068,0.33832831325301205
Loop/175,0.4111194779116466,0.39688755020080324,0.3176957831325301,0.38082329317269076,0.41967871485943775,0.3842871485943775
Loop/176,0.32974397590361443,0.38647088353413656,0.4487449799196787,0.40484437751004015,0.5195281124497992,0.3016315261044176
Loop/178,0.3833584337349398,0.4147590361445783,0.4238955823293173,0.3183483935742972,0.4158885542168675,0.33160140562248996
Loop/179,0.36890060240963857,0.19769076305220884,0.23734939759036144,0.298995983935743,0.3337600401606426,0.37934236947791167
Loop/18,0.30758032128514057,0.47374497991967873,0.4778112449799197,0.19620983935742972,0.41443273092369476,0.2417921686746988
Loop/181,0.37848895582329317,0.38473895582329315,0.20363955823293173,0.3383534136546185,0.5447791164658634,0.3216616465863454
Loop/183,0.2783383534136546,0.31430722891566265,0.17505020080321285,0.3339859437751004,0.3237449799196787,0.18581827309236948
Loop/184,0.34342369477911644,0.44535642570281125,0.43089859437751005,0.40805722891566265,0.3906375502008032,0.19216867469879517
Loop/185,0.3169427710843374,0.3082078313253012,0.1310491967871486,0.3485190763052209,0.35298694779116463,0.2077058232931727
Loop/188,0.1660140562248996,0.5283132530120481,0.20893574297188755,0.12964357429718876,0.3130020080321285,0.3199799196787148
Loop/189,0.21603915662650602,0.31275100401606426,0.038303212851405616,0.19595883534136546,0.30559738955823296,0.1477409638554217
Loop/19,0.2310240963855422,0.43167670682730924,0.18536646586345382,0.19068775100401605,0.3652861445783132,0.3420180722891566
Loop/190,0.3369226907630522,0.4041164658634538,0.3288654618473895,0.335316265060241,0.3432479919678715,0.360316265060241
Loop/191,0.3174698795180723,0.2600652610441767,0.20441767068273092,0.24721385542168675,0.3883283132530121,0.20499497991967872
Loop/193,0.40321285140562246,0.41275100401606424,0.4069779116465863,0.33391064257028114,0.42078313253012045,0.3048694779116466
Loop/194,0.3580321285140562,0.3203815261044177,0.27884036144578317,0.24332329317269077,0.3834839357429719,0.16812248995983936
Loop/195,0.36164658634538155,0.49199297188755026,0.25612449799196785,0.3806224899598394,0.4984939759036145,0.3498995983935743
Loop/198,0.4254518072289156,0.30336345381526103,0.20805722891566264,0.3,0.46169678714859436,0.39166666666666666
Loop/20,0.320933734939759,0.4099397590361446,0.3367218875502008,0.3629518072289157,0.37356927710843374,0.1852409638554217
Loop/200,0.42725903614457833,0.2841616465863454,0.31817269076305216,0.4083333333333333,0.3798192771084337,0.33225401606425703
Loop/201,0.28172690763052205,0.3681475903614458,0.3342118473895582,0.3493222891566265,0.35200803212851406,0.3262801204819277
Loop/203,0.32397088353413656,0.4118975903614458,0.2821536144578313,0.45710341365461843,0.42931726907630524,0.34359939759036146
Loop/205,0.3713855421686747,0.2683483935742972,0.24610943775100402,0.36207329317269077,0.41096887550200806,0.35539658634538157
Loop/206,0.18052208835341366,0.306425702811245,0.25617469879518073,0.19166666666666668,0.4947791164658634,0.17361947791164659
Loop/207,0.29076305220883536,0.3786144578313253,0.4102158634538153,0.26897590361445783,0.41503514056224894,0.2815763052208835
Loop/208,0.3893825301204819,0.31475903614457834,0.2680973895582329,0.33654618473895587,0.42612951807228916,0.17454819277108433
Loop/209,0.2737449799196787,0.4361696787148594,0.20343875502008033,0.2733433734939759,0.33529116465863457,0.30481927710843376
Loop/212,0.3616465863453815,0.48739959839357433,0.25095381526104416,0.37873995983935743,0.41470883534136543,0.41295180722891567
Loop/213,0.4007028112449799,0.38197791164658634,0.30715361445783135,0.3678212851405622,0.4940010040160642,0.2881777108433735
Loop/214,0.3990461847389558,0.3809989959839358,0.449824297188755,0.3300200803212851,0.43534136546184743,0.33830321285140563
Loop/215,0.28391064257028115,0.31197289156626506,0.3470632530120482,0.2069528112449799,0.4715361445783133,0.18908132530120483
Loop/216,0.2119979919678715,0.39362449799196786,0.1167921686746988,0.21596385542168675,0.3774347389558233,0.27462349397590363
Loop/221,0.3624497991967871,0.3640060240963855,0.4134287148594378,0.4138303212851406,0.4145582329317269,0.35961345381526105
Loop/222,0.39405120481927713,0.42100903614457835,0.3967871485943775,0.4190261044176707,0.46174698795180724,0.30589859437751005
Loop/223,0.342570281124498,0.38245481927710845,0.4397841365461847,0.354894578313253,0.3861947791164659,0.3065010040160642
Loop/224,0.3379016064257028,0.5037650602409639,0.4997238955823293,0.21581325301204818,0.3965612449799197,0.2225401606425703
Loop/227,0.33980923694779114,0.4859939759036145,0.2493975903614458,0.29477911646586347,0.40007530120481927,0.30951305220883535
Loop/228,0.34907128514056224,0.2676957831325301,0.15195783132530122,0.2664909638554217,0.3462600401606426,0.3184487951807229
Loop/230,0.37585341365461844,0.24603413654618475,0.2016817269076305,0.3798192771084337,0.43002008032128514,0.3016315261044177
Loop/231,0.33787650602409636,0.49947289156626506,0.32065763052208834,0.29874497991967874,0.5514056224899598,0.4390562248995984
Loop/232,0.2531124497991968,0.26493473895582326,0.2536646586345382,0.28579317269076304,0.505773092369478,0.23481425702811246
Loop/234,0.3709839357429719,0.45015060240963856,0.38222891566265055,0.37597891566265057,0.4299949799196787,0.2999497991967871
Loop/235,0.31513554216867473,0.27369477911646584,0.33627008032128514,0.22088353413654618,0.42193775100401604,0.29139056224899595
Loop/236,0.3274598393574297,0.4951556224899598,0.4473393574297189,0.3211596385542169,0.4612198795180723,0.2109437751004016
Loop/237,0.29583333333333334,0.37675702811244977,0.3622238955823293,0.16086847389558231,0.3773343373493976,0.3767570281124498
Loop/238,0.3107680722891566,0.4653363453815261,0.15758032128514057,0.29056224899598393,0.502183734939759,0.3797690763052209
Loop/239,0.3391315261044177,0.4427961847389558,0.32356927710843375,0.2841616465863454,0.3717620481927711,0.32033132530120484
Loop/24,0.35175702811244974,0.3595883534136546,0.4276355421686747,0.33729919678714854,0.44497991967871486,0.315035140562249
Loop/240,0.41192269076305216,0.2892821285140562,0.27369477911646584,0.3649096385542168,0.4688504016064257,0.3126004016064257
Loop/241,0.43373493975903615,0.3309487951807229,0.43852911646586346,0.39779116465863457,0.4679216867469879,0.32146084337349395
Loop/242,0.31551204819277107,0.3838102409638554,0.29314759036144583,0.2652610441767068,0.40750502008032125,0.3599899598393574
Loop/244,0.3315763052208835,0.3056977911646586,0.38004518072289156,0.3474146586345382,0.4887550200803213,0.33401104417670685
Loop/245,0.39204317269076305,0.4237198795180723,0.3451305220883534,0.35052710843373497,0.4947289156626506,0.25579819277108434
Loop/246,0.219929718875502,0.3939006024096386,0.1854668674698795,0.18880522088353413,0.3268574297188755,0.270456827309237
Loop/247,0.35248493975903616,0.24349899598393573,0.27738453815261044,0.37796184738955824,0.4625,0.3181224899598394
Loop/248,0.23365963855421687,0.3056475903614458,0.3237700803212851,0.23950803212851404,0.3634538152610442,0.18293172690763052
Loop/249,0.3509287148594378,0.21829819277108434,0.28255522088353413,0.3509538152610442,0.45243473895582326,0.3769327309236948
Loop/25,0.32703313253012045,0.3462098393574297,0.2849146586345382,0.33591867469879516,0.4175200803212852,0.2991967871485944
Loop/250,0.3333835341365462,0.42444779116465864,0.26352911646586347,0.2854668674698795,0.3917921686746988,0.21207329317269075
Loop/251,0.2518574297188755,0.49952309236947795,0.3749748995983936,0.29791666666666666,0.32826305220883534,0.3245983935742972
Loop/252,0.37954317269076304,0.3483433734939759,0.4531124497991968,0.2803714859437751,0.4679969879518072,0.3083082329317269
Loop/254,0.18278112449799194,0.2559989959839358,0.27223895582329316,0.24392570281124498,0.32271586345381525,0.1495983935742972
Loop/255,0.3105923694779117,0.2990461847389558,0.2857429718875502,0.25707831325301206,0.4878765060240964,0.24319779116465864
Loop/256,0.10758032128514056,0.44967369477911645,0.07143574297188755,0.10901104417670683,0.30855923694779114,0.20584839357429718
Loop/258,0.3179718875502008,0.39482931726907633,0.44106425702811247,0.3327058232931727,0.42658132530120485,0.16315261044176707
Loop/26,0.23067269076305222,0.369929718875502,0.4724146586345382,0.2264809236947791,0.43335843373493976,0.3319779116465863
Loop/260,0.3792419678714859,0.3435240963855422,0.29967369477911643,0.3693524096385542,0.5311746987951808,0.3785140562248996
Loop/262,0.35220883534136543,0.37454819277108437,0.3217871485943775,0.4131024096385542,0.40978915662650606,0.3480421686746988
Loop/263,0.22389558232931728,0.32479919678714864,0.1710843373493976,0.17991967871485942,0.3063504016064257,0.38237951807228915
Loop/264,0.4331325301204819,0.36197289156626505,0.3413152610441767,0.43802710843373494,0.5054969879518072,0.3698042168674699
Loop/266,0.2905371485943775,0.20251004016064256,0.12188755020080322,0.25180722891566265,0.4215863453815261,0.20532128514056225
Loop/267,0.4098644578313253,0.30434236947791166,0.2417168674698795,0.4053463855421687,0.4700803212851406,0.3318022088353414
Loop/268,0.3104417670682731,0.43064759036144573,0.2973895582329317,0.26950301204819277,0.4101656626506024,0.29018574297188754
Loop/269,0.3879518072289157,0.4466867469879518,0.49176706827309236,0.2540160642570281,0.3037399598393574,0.20953815261044176
Loop/27,0.32063253012048193,0.5324799196787148,0.4764809236947791,0.2900853413654618,0.35426706827309234,0.4015060240963856
Loop/270,0.23714859437751004,0.4166415662650602,0.37680722891566265,0.251179718875502,0.37259036144578317,0.21403112449799194
Loop/271,0.3517319277108434,0.3321536144578313,0.2167921686746988,0.34947289156626504,0.4182981927710843,0.41965361445783134
Loop/272,0.33185240963855417,0.37670682730923694,0.308785140562249,0.3621234939759036,0.3705321285140562,0.29234437751004017
Loop/273,0.39382530120481923,0.38637048192771084,0.43315763052208833,0.3921686746987952,0.48938253012048194,0.19324799196787149
Loop/277,0.19086345381526104,0.5278614457831325,0.16995481927710845,0.17816265060240963,0.3116465863453815,0.23629518072289157
Loop/278,0.40727911646586346,0.42530120481927713,0.38360943775100403,0.4401857429718875,0.37843875502008034,0.295933734939759
Loop/280,0.3844879518072289,0.36920180722891566,0.36357931726907633,0.28391064257028115,0.3065010040160642,0.251179718875502
Loop/281,0.2881024096385542,0.3670682730923695,0.4034387550200803,0.35466867469879515,0.584136546184739,0.2118222891566265
Loop/282,0.35276104417670684,0.3103664658634538,0.41606425702811245,0.2681224899598394,0.3446536144578313,0.2293674698795181
Loop/283,0.25630020080321286,0.3169427710843374,0.4253765060240964,0.27141064257028114,0.45785642570281126,0.34154116465863454
Loop/284,0.2902359437751004,0.3541164658634538,0.27535140562248994,0.29159136546184744,0.41164658634538154,0.1716867469879518
Loop/291,0.1260793172690763,0.3881526104417671,0.1186495983935743,0.09073795180722892,0.4249748995983936,0.2247238955823293
Loop/295,0.2194277108433735,0.3462600401606426,0.1752761044176707,0.19761546184738957,0.3941516064257028,0.35020080321285135
Loop/296,0.3163403614457831,0.3164909638554217,0.1328313253012048,0.3130020080321285,0.41234939759036143,0.2529367469879518
Loop/297,0.22467369477911647,0.41320281124497993,0.3088353413654618,0.21538654618473896,0.441390562248996,0.35825803212851404
Loop/299,0.2615963855421687,0.44292168674698795,0.19866967871485944,0.2600150602409638,0.44367469879518073,0.31603915662650606
Loop/3,0.32507530120481926,0.526179718875502,0.4349397590361446,0.3037901606425703,0.42050702811244983,0.25346385542168676
Loop/30,0.19681224899598393,0.30394076305220885,0.0828062248995984,0.20903614457831324,0.3360943775100402,0.20170682730923695
Loop/300,0.28481425702811247,0.42643072289156625,0.5026857429718875,0.22700803212851406,0.44861947791164664,0.23674698795180724
Loop/301,0.35564759036144583,0.4766566265060241,0.3246736947791165,0.3089859437751004,0.39957329317269075,0.2235441767068273
Loop/302,0.356425702811245,0.43092369477911646,0.2662901606425703,0.3389558232931727,0.4095130522088353,0.20163152610441767
Loop/303,0.06980421686746989,0.46244979919678714,0.02161144578313253,0.06388052208835342,0.4074046184738956,0.04221887550200803
Loop/304,0.3429216867469879,0.48870481927710846,0.5135542168674699,0.24663654618473896,0.44136546184738956,0.12956827309236948
Loop/306,0.33875502008032127,0.4686495983935743,0.5296937751004016,0.31606425702811247,0.46460843373493976,0.2624246987951807
Loop/307,0.3307981927710843,0.33637048192771085,0.471636546184739,0.3272841365461847,0.41839859437751004,0.2007781124497992
Loop/310,0.3417921686746988,0.4378263052208835,0.28867971887550203,0.3134036144578313,0.3655120481927711,0.332605421686747
Loop/311,0.3491214859437751,0.2620481927710843,0.292043172690763,0.31139558232931724,0.3943022088353414,0.4676204819277109
Loop/312,0.34841867469879517,0.48855421686746986,0.41403112449799195,0.3854417670682731,0.45494477911646586,0.43082329317269075
Loop/314,0.3370481927710844,0.3460843373493976,0.4543172690763052,0.22126004016064257,0.5023845381526104,0.35102911646586343
Loop/316,0.27015562248995983,0.4369477911646586,0.30042670682730926,0.27580321285140563,0.37073293172690763,0.36641566265060244
Loop/317,0.3516566265060241,0.5198042168674699,0.3733433734939759,0.26380522088353414,0.3442018072289157,0.3325803212851406
Loop/319,0.5288152610441768,0.40886044176706826,0.49877008032128517,0.344754016064257,0.5628263052208836,0.24555722891566265
Loop/32,0.285140562248996,0.29048694779116463,0.15416666666666667,0.2876004016064257,0.4984186746987952,0.24211847389558233
Loop/320,0.3045682730923695,0.5097389558232932,0.2328062248995984,0.3104417670682731,0.3213855421686747,0.21877510040160644
Loop/321,0.2878263052208835,0.38606927710843375,0.2845632530120482,0.23933232931726908,0.47113453815261047,0.22738453815261042
Loop/324,0.40572289156626506,0.3103915662650602,0.2775853413654618,0.34558232931726907,0.32766064257028116,0.3172941767068273
Loop/326,0.34671184738955824,0.31937751004016063,0.39375,0.28900602409638554,0.45647590361445783,0.30554718875502007
Loop/329,0.20338855421686747,0.26352911646586347,0.18333333333333332,0.17924196787148594,0.46671686746987956,0.1939508032128514
Loop/33,0.21714357429718875,0.400175702811245,0.3065512048192771,0.234964859437751,0.44914658634538157,0.26147088353413656
Loop/330,0.08820281124497992,0.3996987951807229,0.02798694779116466,0.08059738955823294,0.2227660642570281,0.12575301204819278
Loop/333,0.33227911646586344,0.435140562248996,0.46169678714859436,0.34234437751004015,0.33594377510040163,0.3925953815261044
Loop/335,0.38958333333333334,0.5209839357429719,0.46330321285140563,0.27384538152610444,0.4046686746987952,0.2471887550200803
Loop/336,0.11734437751004016,0.47296686746987954,0.07600401606425702,0.09992469879518072,0.4139056224899598,0.1472640562248996
Loop/337,0.38039658634538154,0.33888052208835345,0.2989457831325301,0.3267319277108434,0.42846385542168675,0.30346385542168675
Loop/338,0.2672941767068273,0.34671184738955824,0.09349899598393575,0.18483935742971888,0.4122489959839358,0.1862198795180723
Loop/339,0.3565763052208835,0.3391566265060241,0.28310742971887554,0.36325301204819277,0.44661144578313255,0.2889809236947791
Loop/34,0.3534136546184739,0.20491967871485942,0.166214859437751,0.35399096385542167,0.3216616465863454,0.3103915662650602
Loop/340,0.16990461847389557,0.3202058232931727,0.23792670682730926,0.24437751004016064,0.5413403614457831,0.2911144578313253
Loop/341,0.4064759036144578,0.3954066265060241,0.3466616465863454,0.23549196787148594,0.4377008032128514,0.29048694779116463
Loop/342,0.03237951807228916,0.5636546184738956,0.010291164658634538,0.038278112449799194,0.22680722891566266,0.02532630522088353
Loop/343,0.3265060240963855,0.4345632530120482,0.3215863453815261,0.3077309236947791,0.41255020080321286,0.2157128514056225
Loop/346,0.14144076305220882,0.5088855421686748,0.15609939759036143,0.11957831325301203,0.3879016064257028,0.2401355421686747
Loop/347,0.3077058232931727,0.4446536144578313,0.3358433734939759,0.2959839357429719,0.35102911646586343,0.2957078313253012
Loop/349,0.38556726907630523,0.35524598393574297,0.41177208835341367,0.39686244979919677,0.378890562248996,0.2799196787148594
Loop/352,0.33627008032128514,0.4357178714859438,0.39440261044176705,0.29791666666666666,0.45768072289156625,0.21372991967871485
Loop/353,0.4056977911646586,0.3773343373493976,0.3378012048192771,0.35602409638554217,0.37876506024096385,0.45650100401606425
Loop/355,0.27906626506024096,0.32301706827309234,0.34919678714859437,0.2851656626506024,0.4166415662650602,0.32070783132530123
Loop/356,0.31634036144578315,0.5599899598393575,0.2833835341365462,0.3141064257028113,0.45707831325301207,0.29929718875502004
Loop/358,0.2428714859437751,0.3862449799196787,0.17356927710843373,0.25690261044176704,0.3954819277108434,0.232429718875502
Loop/359,0.37301706827309233,0.35045180722891567,0.2027359437751004,0.23908132530120482,0.39824297188755026,0.34001004016064257
Loop/360,0.3080572289156626,0.18742469879518073,0.30431726907630524,0.3458584337349398,0.280070281124498,0.26859939759036144
Loop/361,0.256425702811245,0.4526104417670683,0.12469879518072288,0.22085843373493977,0.4146335341365462,0.19528112449799195
Loop/363,0.39711345381526103,0.3660893574297189,0.19088855421686748,0.3650100401606426,0.4093875502008032,0.23160140562248996
Loop/364,0.41621485943775105,0.4394578313253012,0.3342620481927711,0.3590361445783133,0.39086345381526105,0.320933734939759
Loop/365,0.34997489959839356,0.5059989959839357,0.29382530120481926,0.3262048192771084,0.3933734939759036,0.3000502008032129
Loop/366,0.3573293172690763,0.365687751004016,0.28017068273092366,0.36772088353413657,0.5124748995983935,0.2229668674698795
Loop/369,0.24869477911646587,0.3444277108433735,0.3276104417670683,0.24984939759036143,0.36312751004016064,0.44372489959839356
Loop/376,0.3037901606425703,0.6074799196787148,0.4546937751004016,0.303187751004016,0.30855923694779114,0.19849397590361445
Loop/379,0.21310240963855423,0.41636546184738954,0.10065261044176707,0.1490210843373494,0.3641566265060241,0.13293172690763053
Loop/38,0.4066014056224899,0.369929718875502,0.2717118473895582,0.40271084337349394,0.5137299196787148,0.3595632530120482
Loop/380,0.43486445783132527,0.30911144578313254,0.32073293172690764,0.37803714859437754,0.3899598393574297,0.378187751004016
Loop/381,0.3485943775100402,0.37748493975903613,0.4045933734939759,0.36280120481927713,0.42896586345381527,0.34204317269076306
Loop/382,0.3730421686746988,0.3318273092369478,0.30582329317269075,0.32309236947791165,0.38027108433734935,0.3012550200803213
Loop/383,0.2982429718875502,0.295933734939759,0.2722640562248996,0.28983433734939756,0.4223895582329317,0.2708333333333333
Loop/385,0.36403112449799196,0.33830321285140563,0.24372489959839355,0.32843875502008035,0.4025602409638554,0.24846887550200802
Loop/386,0.342745983935743,0.3881526104417671,0.4643323293172691,0.30431726907630524,0.47173694779116465,0.3512801204819277
Loop/387,0.281074297188755,0.4022088353413655,0.41548694779116463,0.2705321285140562,0.3754267068273093,0.24887048192771083
Loop/388,0.3806475903614458,0.2073042168674699,0.17848895582329316,0.23627008032128513,0.34595883534136546,0.2735441767068273
Loop/389,0.43812751004016065,0.4108433734939759,0.3313002008032129,0.3172690763052209,0.33509036144578314,0.30198293172690766
Loop/390,0.36548694779116464,0.4847389558232932,0.3156375502008032,0.35228413654618473,0.503890562248996,0.2976656626506024
Loop/393,0.3873995983935743,0.5266817269076305,0.45476907630522084,0.28235441767068276,0.3307981927710843,0.19565763052208837
Loop/394,0.35326305220883536,0.602535140562249,0.5545431726907631,0.2857178714859438,0.29713855421686747,0.3710843373493976
Loop/395,0.30707831325301205,0.37246485943775104,0.13232931726907632,0.19829317269076305,0.46571285140562246,0.24244477911646586
Loop/396,0.26011546184738954,0.46448293172690763,0.27547690763052207,0.21832329317269075,0.5809738955823293,0.3919929718875502
Loop/399,0.3065512048192771,0.4422439759036145,0.31880020080321286,0.30409136546184734,0.42206325301204817,0.2993724899598394
Loop/4,0.36679216867469877,0.3603413654618474,0.3841867469879518,0.27113453815261046,0.4779618473895582,0.3786395582329317
Loop/400,0.2633032128514056,0.34176706827309233,0.15998995983935743,0.16724397590361445,0.4230923694779117,0.20700301204819277
Loop/401,0.3935240963855422,0.3475903614457831,0.28323293172690767,0.32552710843373495,0.4143574297188755,0.35883534136546186
Loop/404,0.36470883534136544,0.40248493975903615,0.35062751004016063,0.30429216867469877,0.4423443775100402,0.2629769076305221
Loop/405,0.3458333333333333,0.35311244979919676,0.3582580321285141,0.27886546184738953,0.5149849397590361,0.23014558232931728
Loop/406,0.38807730923694783,0.2150100401606426,0.2661395582329317,0.267745983935743,0.41714357429718874,0.3576305220883534
Loop/407,0.2733433734939759,0.5234186746987952,0.16611445783132528,0.23985943775100402,0.36987951807228914,0.2163152610441767
Loop/408,0.26478413654618477,0.39839357429718875,0.11902610441767068,0.20394076305220885,0.38875502008032126,0.2925953815261044
Loop/409,0.27351907630522093,0.4323042168674699,0.4710341365461847,0.29947289156626505,0.37442269076305223,0.2507781124497992
Loop/41,0.3398343373493976,0.28629518072289156,0.3621987951807229,0.36448293172690766,0.5310240963855422,0.363679718875502
Loop/413,0.33278112449799196,0.30376506024096384,0.5220130522088353,0.22246485943775102,0.5351907630522088,0.3408885542168675
Loop/414,0.3898092369477911,0.34708835341365457,0.2544176706827309,0.3713353413654618,0.5021084337349397,0.28340863453815257
Loop/415,0.43295682730923696,0.3900602409638554,0.30619979919678714,0.37763554216867473,0.38511546184738954,0.34615963855421683
Loop/416,0.3007781124497992,0.2928965863453815,0.40281124497991966,0.2948042168674699,0.3817520080321285,0.2270582329317269
Loop/417,0.2172941767068273,0.20622489959839357,0.05981425702811245,0.2030120481927711,0.46370481927710844,0.14513052208835342
Loop/419,0.31659136546184735,0.3277861445783133,0.2991716867469879,0.28150100401606426,0.4152359437751004,0.2436495983935743
Loop/420,0.43072289156626503,0.23827811244979918,0.29600903614457835,0.3057981927710844,0.4439759036144578,0.21096887550200805
Loop/423,0.33423694779116464,0.4883785140562249,0.31636546184738956,0.25258534136546185,0.41036646586345377,0.2513303212851406
Loop/425,0.32261546184738954,0.37843875502008034,0.21814759036144576,0.2586847389558233,0.45133032128514056,0.334136546184739
Loop/427,0.3850903614457832,0.45893574297188755,0.2734939759036144,0.34605923694779117,0.45730421686746986,0.30348895582329316
Loop/428,0.31782128514056224,0.5445030120481927,0.3345381526104418,0.32457329317269074,0.44538152610441767,0.298644578313253
Loop/43,0.2589106425702811,0.29789156626506025,0.32981927710843373,0.23950803212851404,0.34277108433734943,0.32309236947791165
Loop/431,0.42735943775100405,0.4094879518072289,0.28355923694779117,0.30261044176706825,0.4944026104417671,0.2858433734939759
Loop/432,0.376004016064257,0.310140562248996,0.16420682730923694,0.40532128514056226,0.4510542168674699,0.21488453815261044
Loop/433,0.37565261044176707,0.511144578313253,0.5112449799196788,0.3382781124497992,0.4391064257028113,0.23644578313253012
Loop/434,0.38692269076305225,0.3364457831325301,0.37319277108433735,0.3735441767068273,0.3796184738955823,0.23644578313253012
Loop/435,0.2112449799196787,0.44369979919678715,0.13893072289156627,0.17884036144578314,0.43765060240963854,0.18185240963855423
Loop/436,0.4611696787148594,0.4329819277108434,0.4128012048192771,0.3424698795180723,0.4848142570281125,0.26804718875502004
Loop/437,0.31869979919678715,0.4102660642570281,0.37035642570281124,0.27427208835341366,0.41852409638554217,0.3276355421686747
Loop/438,0.3506777108433735,0.4563002008032129,0.2974899598393574,0.332956827309237,0.48406124497991965,0.35712851405622487
Loop/439,0.28747489959839356,0.48062248995983936,0.5102911646586346,0.2040160642570281,0.2860441767068273,0.1905120481927711
Loop/44,0.08569277108433736,0.5005522088353414,0.10971385542168675,0.08187751004016065,0.35758032128514056,0.20188253012048193
Loop/441,0.3697791164658634,0.35911144578313253,0.4250502008032129,0.3614206827309237,0.4442018072289156,0.3100652610441767
Loop/442,0.22582831325301203,0.28468875502008034,0.23037148594377513,0.19053714859437754,0.41965361445783134,0.25544678714859437
Loop/443,0.23468875502008033,0.28022088353413654,0.08242971887550202,0.22349397590361444,0.3149598393574297,0.2073042168674699
Loop/445,0.3621987951807229,0.4174949799196787,0.3978664658634538,0.39575803212851407,0.4820532128514056,0.34651104417670686
Loop/446,0.32866465863453814,0.38077309236947793,0.2740712851405622,0.33606927710843376,0.40850903614457834,0.3205321285140562
Loop/447,0.2012801204819277,0.4066767068273093,0.2528614457831325,0.17633032128514056,0.510491967871486,0.26137048192771084
Loop/448,0.29696285140562245,0.47894076305220884,0.27339357429718875,0.2533383534136546,0.29156626506024097,0.26829819277108435
Loop/449,0.3121485943775101,0.24656124497991969,0.30549698795180724,0.3005020080321285,0.4551706827309237,0.2803463855421687
Loop/450,0.1672941767068273,0.5314006024096386,0.19254518072289156,0.17537650602409638,0.5204819277108433,0.21393072289156626
Loop/451,0.36430722891566264,0.45090361445783134,0.2524347389558233,0.3249497991967871,0.43391064257028117,0.3073042168674699
Loop/452,0.3296937751004016,0.346109437751004,0.2656626506024097,0.4016315261044177,0.36069277108433734,0.34676204819277107
Loop/453,0.25120481927710847,0.41548694779116463,0.1879016064257028,0.27090863453815267,0.4004016064257028,0.33014558232931723
Loop/454,0.37801204819277107,0.39610943775100405,0.3342871485943775,0.3516817269076305,0.3889558232931727,0.14608433734939757
Loop/455,0.24548192771084337,0.4322791164658634,0.3692520080321285,0.2780371485943775,0.2739206827309237,0.23451305220883534
Loop/456,0.37043172690763054,0.21410642570281124,0.18117469879518072,0.38132530120481933,0.45050200803212853,0.259613453815261
Loop/457,0.276179718875502,0.5168172690763052,0.33195281124497994,0.24181726907630524,0.3421937751004016,0.28940763052208834
Loop/458,0.35790662650602406,0.44663654618473897,0.37274096385542166,0.33674698795180724,0.42926706827309236,0.2530371485943775
Loop/459,0.2007781124497992,0.4342871485943775,0.381074297188755,0.20178212851405625,0.4828313253012048,0.28624497991967873
Loop/460,0.3084086345381526,0.509964859437751,0.23207831325301204,0.25833333333333336,0.4732429718875502,0.25015060240963854
Loop/461,0.37397088353413654,0.36839859437751005,0.3763303212851406,0.3281124497991968,0.332956827309237,0.31393072289156626
Loop/462,0.3794176706827309,0.36681726907630524,0.23135040160642573,0.3273845381526105,0.46410642570281124,0.3301204819277109
Loop/463,0.4561997991967871,0.34445281124497995,0.22984437751004014,0.3653614457831325,0.4582831325301205,0.3710341365461847
Loop/464,0.3853664658634538,0.5355672690763051,0.4828313253012048,0.43084839357429716,0.3769327309236948,0.20589859437751004
Loop/467,0.042068273092369476,0.5189006024096385,0.035240963855421685,0.03790160642570281,0.42366967871485944,0.0857429718875502
Loop/468,0.36470883534136544,0.24327309236947794,0.33285642570281126,0.4716114457831325,0.471636546184739,0.21184738955823293
Loop/47,0.28657128514056224,0.3959839357429719,0.4350903614457831,0.2533383534136546,0.47213855421686746,0.3905120481927711
Loop/470,0.42366967871485944,0.2143323293172691,0.35198293172690764,0.4020331325301205,0.38403614457831325,0.280245983935743
Loop/471,0.3016817269076305,0.4534638554216867,0.33529116465863457,0.2845130522088353,0.43586847389558236,0.29264558232931726
Loop/473,0.3324799196787148,0.4535140562248996,0.40281124497991966,0.3126004016064257,0.47856425702811245,0.25095381526104416
Loop/476,0.1727409638554217,0.41691767068273095,0.04917168674698795,0.07545180722891566,0.2806475903614458,0.1645582329317269
Loop/477,0.15210843373493976,0.43376004016064257,0.030622489959839357,0.12126004016064257,0.38551706827309234,0.1180722891566265
Loop/481,0.1536144578313253,0.31024096385542166,0.18795180722891566,0.1165913654618474,0.3384789156626506,0.23978413654618475
Loop/482,0.2884538152610442,0.5008032128514056,0.26096887550200804,0.29603413654618477,0.4940763052208836,0.35793172690763053
Loop/484,0.1370230923694779,0.5533634538152611,0.0731425702811245,0.08561746987951807,0.41985441767068277,0.1301706827309237
Loop/487,0.3706074297188755,0.36880020080321285,0.346285140562249,0.3598895582329317,0.44184236947791167,0.2857680722891566
Loop/488,0.3009538152610442,0.36596385542168675,0.29964859437751007,0.3200301204819277,0.44728915662650603,0.2708835341365462
Loop/489,0.32981927710843373,0.26859939759036144,0.2507781124497992,0.3738704819277109,0.47078313253012044,0.29508032128514056
Loop/493,0.41212349397590364,0.41674196787148593,0.3269829317269076,0.3419678714859438,0.31548694779116465,0.30986445783132527
Loop/495,0.28948293172690764,0.4462600401606426,0.37469879518072285,0.37748493975903613,0.4678714859437751,0.30200803212851407
Loop/496,0.41809738955823295,0.47622991967871486,0.316390562248996,0.36521084337349397,0.480070281124498,0.24927208835341366
Loop/497,0.11383032128514056,0.4299949799196787,0.09603413654618474,0.09500502008032127,0.33273092369477913,0.1398343373493976
Loop/498,0.36408132530120485,0.3503012048192771,0.29846887550200807,0.33689759036144573,0.41965361445783134,0.32482429718875505
Loop/5,0.4494226907630522,0.3136546184738956,0.2125,0.4493222891566265,0.3846887550200803,0.3678714859437751
Loop/50,0.31234939759036146,0.4171937751004016,0.4149347389558233,0.4035893574297189,0.43574297188755023,0.30140562248995983
Loop/500,0.322464859437751,0.3550953815261044,0.19620983935742972,0.31280120481927715,0.4069779116465863,0.2781375502008032
Loop/503,0.3309738955823293,0.39031124497991965,0.24610943775100402,0.3362198795180723,0.4224899598393574,0.29528112449799193
Loop/505,0.365687751004016,0.4342620481927711,0.3810491967871486,0.34841867469879517,0.41079317269076304,0.35002510040160645
Loop/508,0.12120983935742972,0.47525100401606424,0.17010542168674697,0.08478915662650602,0.3811495983935743,0.19962349397590362
Loop/510,0.2219628514056225,0.27535140562248994,0.1935491967871486,0.2057730923694779,0.4091114457831325,0.3450803212851406
Loop/511,0.40599899598393574,0.4504518072289157,0.1688504016064257,0.2976907630522089,0.5344628514056226,0.292043172690763
Loop/513,0.3899096385542169,0.30110441767068274,0.34390060240963854,0.4110441767068273,0.5540411646586345,0.293925702811245
Loop/515,0.1321285140562249,0.41488453815261045,0.05783132530120482,0.1479417670682731,0.2913403614457831,0.11455823293172691
Loop/516,0.3369477911646586,0.36526104417670685,0.2455823293172691,0.30336345381526103,0.3962600401606426,0.25105421686746987
Loop/52,0.36834839357429716,0.5183483935742972,0.41167168674698795,0.31066767068273093,0.4228664658634538,0.2111194779116466
Loop/520,0.41443273092369476,0.2769578313253012,0.2675953815261044,0.3946034136546185,0.48042168674698793,0.3846887550200803
Loop/521,0.25057730923694777,0.35271084337349395,0.1839106425702811,0.23245481927710845,0.3270080321285141,0.22361947791164657
Loop/522,0.2551204819277108,0.30238453815261046,0.2014809236947791,0.2704819277108434,0.41174698795180725,0.19342369477911647
Loop/524,0.47926706827309234,0.5034387550200804,0.5132028112449799,0.3180471887550201,0.4756777108433735,0.24482931726907628
Loop/525,0.2539156626506024,0.39194277108433734,0.17311746987951807,0.19460341365461847,0.4532379518072289,0.21468373493975904
Loop/527,0.3416917670682731,0.3056726907630522,0.44939759036144583,0.4467620481927711,0.448293172690763,0.2976656626506024
Loop/528,0.27427208835341366,0.49184236947791166,0.41091867469879517,0.2257028112449799,0.3770833333333333,0.16641566265060243
Loop/530,0.27939257028112446,0.4960843373493976,0.538855421686747,0.27429718875502007,0.3547941767068273,0.2465863453815261
Loop/532,0.45454317269076305,0.35025100401606424,0.2519578313253012,0.361144578313253,0.5440261044176707,0.32675702811244983
Loop/533,0.1356174698795181,0.41563755020080323,0.038554216867469876,0.11543674698795181,0.37274096385542166,0.10808232931726908
Loop/535,0.3320281124497992,0.44701305220883536,0.31664156626506024,0.3313002008032129,0.39771586345381527,0.34382530120481924
Loop/536,0.3924698795180723,0.5308734939759037,0.42580321285140565,0.24008534136546184,0.2900602409638554,0.22964357429718874
Loop/537,0.30426706827309236,0.28496485943775096,0.2305471887550201,0.24465361445783132,0.458258032128514,0.24352409638554215
Loop/538,0.2599146586345381,0.332956827309237,0.10386546184738955,0.22763554216867468,0.39811746987951807,0.3149096385542169
Loop/539,0.26207329317269074,0.41518574297188754,0.17841365461847392,0.23411144578313253,0.4338604417670683,0.15075301204819277
Loop/540,0.3018574297188755,0.2813002008032129,0.27582831325301205,0.30065261044176705,0.41207329317269076,0.3569277108433735
Loop/543,0.33195281124497994,0.4380020080321285,0.3144327309236948,0.29339859437751004,0.5718122489959839,0.2848644578313253
Loop/545,0.36124497991967874,0.3301957831325301,0.3790913654618474,0.37530120481927715,0.3353915662650602,0.3534136546184739
Loop/546,0.33920682730923696,0.35464357429718874,0.261320281124498,0.2903363453815261,0.45690261044176705,0.32075803212851406
Loop/548,0.2967620481927711,0.487675702811245,0.294929718875502,0.19836847389558232,0.3809989959839358,0.19781626506024097
Loop/549,0.30075301204819277,0.36124497991967874,0.1285893574297189,0.2001004016064257,0.3837098393574297,0.3279116465863454
Loop/55,0.25813253012048193,0.3295180722891566,0.11669176706827308,0.30891064257028117,0.39769076305220885,0.2516817269076305
Loop/550,0.3647841365461847,0.2937751004016064,0.26528614457831323,0.29799196787148596,0.4298443775100402,0.46370481927710844
Loop/552,0.28348393574297187,0.476355421686747,0.27457329317269075,0.25572289156626504,0.43815261044176707,0.3244477911646586
Loop/554,0.3252008032128514,0.26285140562249,0.3301204819277109,0.30105421686746986,0.46056726907630524,0.4060240963855422
Loop/561,0.3777861445783133,0.46671686746987956,0.38810240963855425,0.3301455823293173,0.4507781124497992,0.33647088353413657
Loop/565,0.3853915662650602,0.4219126506024097,0.3667168674698795,0.3775100401606426,0.47984437751004017,0.30825803212851405
Loop/568,0.24984939759036146,0.5610943775100401,0.35883534136546186,0.1879769076305221,0.3429467871485944,0.24703815261044176
Loop/569,0.17658132530120482,0.2104668674698795,0.08744979919678715,0.17494979919678716,0.3443524096385542,0.32083333333333336
Loop/57,0.3875,0.40823293172690767,0.3666917670682731,0.3262550200803213,0.388504016064257,0.2784638554216867
Loop/570,0.18207831325301205,0.4263303212851406,0.11001506024096384,0.11448293172690763,0.277183734939759,0.16031626506024096
Loop/571,0.3505020080321285,0.44809236947791165,0.4166415662650602,0.3018574297188755,0.2400100401606426,0.10858433734939758
Loop/572,0.4214357429718875,0.30868473895582327,0.2683734939759036,0.3990963855421687,0.48255522088353414,0.35835843373493975
Loop/573,0.35386546184738954,0.36239959839357433,0.3782128514056225,0.29184236947791165,0.4473644578313253,0.33549196787148594
Loop/574,0.3614457831325301,0.4290160642570281,0.4270833333333333,0.29058734939759034,0.29819277108433734,0.2030371485943775
Loop/577,0.2845130522088353,0.2760793172690763,0.3781375502008032,0.2867971887550201,0.34244477911646587,0.19786646586345383
Loop/578,0.15657630522088353,0.5755522088353414,0.07271586345381525,0.11895080321285141,0.37035642570281124,0.11746987951807228
Loop/582,0.360140562248996,0.43433734939759033,0.24643574297188756,0.40358935742971885,0.4223644578313253,0.37971887550200806
Loop/583,0.25737951807228915,0.4864457831325301,0.32181224899598393,0.20291164658634536,0.4916164658634538,0.24329819277108433
Loop/585,0.2567269076305221,0.280070281124498,0.31862449799196785,0.19096385542168676,0.33960843373493976,0.22241465863453816
Loop/587,0.29136546184738954,0.2965863453815261,0.114859437751004,0.32143574297188754,0.465863453815261,0.41347891566265055
Loop/588,0.2620983935742972,0.4106174698795181,0.402183734939759,0.3001255020080321,0.43200301204819275,0.4065261044176707
Loop/589,0.3100652610441767,0.32959337349397594,0.19181726907630522,0.2415913654618474,0.3946787148594378,0.13549196787148596
Loop/59,0.3129267068273093,0.32843875502008035,0.5509538152610441,0.3588102409638554,0.42369477911646586,0.2314508032128514
Loop/590,0.22201305220883535,0.410140562248996,0.18785140562248998,0.16618975903614458,0.46626506024096387,0.2535642570281124
Loop/592,0.3454819277108434,0.16839859437751004,0.20384036144578313,0.33235441767068274,0.27788654618473896,0.29759036144578316
Loop/594,0.30707831325301205,0.4759036144578313,0.33880522088353415,0.2711847389558233,0.42402108433734936,0.2419929718875502
Loop/597,0.3729417670682731,0.43815261044176707,0.4286646586345382,0.3574799196787149,0.4117971887550201,0.3970883534136546
Loop/598,0.2765562248995984,0.3954317269076305,0.4668172690763052,0.22911646586345383,0.39877008032128514,0.17863955823293173
Loop/599,0.28363453815261047,0.4508032128514056,0.3435240963855422,0.28157630522088356,0.4517821285140562,0.29003514056224894
Loop/6,0.3667168674698795,0.30464357429718875,0.3517821285140562,0.3942269076305221,0.44528112449799195,0.47105923694779117
Loop/60,0.37414658634538156,0.41644076305220884,0.42346887550200807,0.3418172690763052,0.3961596385542168,0.36516064257028114
Loop/602,0.1340110441767068,0.27630522088353415,0.1740210843373494,0.15978915662650603,0.4650602409638554,0.26418172690763053
Loop/605,0.3232178714859438,0.2696285140562249,0.24450301204819277,0.3345883534136546,0.43732429718875504,0.28945783132530123
Loop/606,0.46229919678714865,0.26945281124497994,0.24410140562248997,0.36598895582329316,0.3628765060240964,0.2373995983935743
Loop/607,0.23187751004016066,0.3624748995983936,0.07863955823293173,0.2080321285140562,0.4815512048192771,0.15559738955823293
Loop/609,0.1942520080321285,0.4189759036144578,0.12535140562248995,0.12452309236947792,0.43579317269076306,0.2487449799196787
Loop/610,0.20512048192771085,0.572113453815261,0.21618975903614457,0.16322791164658634,0.18792670682730922,0.2968373493975903
Loop/611,0.21503514056224898,0.23345883534136547,0.20296184738955822,0.2835843373493976,0.3304467871485944,0.23493975903614456
Loop/615,0.3103664658634538,0.4030120481927711,0.3220381526104418,0.24693775100401608,0.43980923694779117,0.32899096385542165
Loop/616,0.21819779116465862,0.19902108433734939,0.06812248995983936,0.23883032128514056,0.45722891566265056,0.2242218875502008
Loop/617,0.31955321285140564,0.5718373493975903,0.3296937751004016,0.2835341365461847,0.42896586345381527,0.3393574297188755
Loop/62,0.32633032128514056,0.4755773092369478,0.5713353413654618,0.31644076305220886,0.467218875502008,0.3327058232931727
Loop/620,0.4203815261044177,0.36084337349397594,0.36360441767068274,0.3422941767068273,0.4528363453815261,0.42818775100401607
Loop/621,0.30916164658634543,0.5093875502008032,0.24533132530120483,0.3104166666666667,0.4151606425702811,0.30542168674698794
Loop/623,0.36488453815261046,0.5049698795180723,0.5729417670682732,0.3552961847389558,0.3245481927710843,0.16470883534136546
Loop/625,0.4371234939759036,0.2927961847389558,0.379066265060241,0.37718373493975904,0.3646335341365462,0.29367469879518077
Loop/626,0.4145582329317269,0.3713102409638554,0.3918423694779117,0.44299698795180725,0.49490461847389555,0.5046184738955823
Loop/627,0.38406124497991967,0.4026104417670683,0.32316767068273095,0.34387550200803213,0.4426706827309237,0.4129518072289156
Loop/629,0.3030120481927711,0.33594377510040163,0.3161897590361446,0.2680973895582329,0.5067520080321285,0.31370481927710847
Loop/63,0.40968875502008034,0.3288654618473895,0.24909638554216867,0.33160140562248996,0.4820281124497992,0.24515562248995987
Loop/630,0.3564508032128514,0.4912399598393574,0.5813504016064257,0.31867469879518073,0.3653112449799197,0.29144076305220884
Loop/632,0.11736947791164658,0.4486696787148594,0.0660140562248996,0.09982429718875503,0.2536144578313253,0.21029116465863454
Loop/633,0.15110441767068272,0.40047690763052207,0.3378263052208836,0.1252761044176707,0.38960843373493975,0.15572289156626506
Loop/634,0.2611194779116466,0.20991465863453815,0.1311746987951807,0.2992720883534137,0.40052710843373496,0.18205321285140563
Loop/637,0.26764558232931723,0.253714859437751,0.13506526104417668,0.24997489959839356,0.3449046184738956,0.3041917670682731
Loop/638,0.2869979919678715,0.31448293172690767,0.19214357429718876,0.29344879518072287,0.5178212851405622,0.3605672690763052
Loop/639,0.44380020080321286,0.4926957831325301,0.381074297188755,0.32068273092369476,0.447464859437751,0.33104919678714856
Loop/641,0.34400100401606426,0.3127008032128514,0.30060240963855417,0.3929216867469879,0.4940512048192771,0.21829819277108434
Loop/642,0.2845381526104418,0.45961345381526103,0.24914658634538153,0.21051706827309236,0.4532379518072289,0.23835341365461848
Loop/644,0.23509036144578313,0.3924698795180723,0.179894578313253,0.18421184738955823,0.4616214859437751,0.29410140562248993
Loop/645,0.23127510040160643,0.3458082329317269,0.43363453815261044,0.2095632530120482,0.5885542168674699,0.22592871485943775
Loop/646,0.28579317269076304,0.3385291164658634,0.15228413654618475,0.21149598393574295,0.32050702811244985,0.3154116465863454
Loop/647,0.3393574297188755,0.38913152610441765,0.43255522088353415,0.23727409638554214,0.3890060240963855,0.2197289156626506
Loop/650,0.2791415662650602,0.19641064257028112,0.2579819277108434,0.30682730923694784,0.3752761044176707,0.26827309236947794
Loop/651,0.2317269076305221,0.4540913654618474,0.2523845381526104,0.19420180722891567,0.36202309236947794,0.2941516064257028
Loop/653,0.3763303212851406,0.4210592369477911,0.32971887550200807,0.3350652610441767,0.36872489959839355,0.3453564257028113
Loop/654,0.2504267068273092,0.4465361445783132,0.13978413654618474,0.20266064257028113,0.4127761044176707,0.2102660642570281
Loop/657,0.40810742971887554,0.3742469879518072,0.40238453815261044,0.3653363453815261,0.35640060240963856,0.33363453815261046
Loop/659,0.30338855421686745,0.3626506024096386,0.3941516064257028,0.401179718875502,0.4726656626506024,0.30266064257028114
Loop/66,0.3803965863453815,0.3742218875502008,0.42525100401606425,0.3429718875502008,0.4618222891566265,0.29678714859437755
Loop/660,0.3668925702811245,0.35271084337349395,0.15115461847389558,0.2829317269076305,0.4734939759036145,0.1980421686746988
Loop/663,0.28112449799196787,0.4018072289156626,0.21420682730923696,0.2791415662650602,0.4585090361445783,0.34927208835341367
Loop/664,0.30522088353413657,0.5070783132530121,0.2872238955823293,0.3527359437751004,0.5099397590361446,0.2414909638554217
Loop/665,0.37507530120481924,0.4342871485943775,0.31270080321285143,0.2461847389558233,0.4639056224899598,0.2592620481927711
Loop/666,0.22120983935742972,0.38611947791164664,0.15464357429718875,0.2539156626506024,0.3626506024096386,0.16829819277108435
Loop/668,0.32904116465863453,0.32424698795180723,0.1490210843373494,0.3207831325301205,0.41576305220883536,0.2676204819277109
Loop/669,0.31473393574297187,0.4186495983935743,0.3168674698795181,0.3169427710843374,0.5418172690763051,0.3753514056224899
Loop/67,0.4330070281124498,0.34149096385542166,0.2717118473895582,0.34550702811244977,0.49435240963855426,0.27906626506024096
Loop/672,0.3336596385542169,0.2708333333333333,0.2183734939759036,0.40765562248995985,0.47580321285140564,0.273995983935743
Loop/675,0.19033634538152613,0.5159136546184739,0.23569277108433737,0.15331325301204818,0.30559738955823296,0.2856425702811245
Loop/676,0.22053212851405624,0.44294678714859437,0.1524598393574297,0.21880020080321286,0.38601907630522087,0.21385542168674698
Loop/677,0.3093122489959839,0.5115210843373493,0.5522590361445783,0.33032128514056225,0.4490712851405622,0.2542921686746988
Loop/679,0.294929718875502,0.2307730923694779,0.06071787148594378,0.21380522088353413,0.37748493975903613,0.22941767068273092
Loop/68,0.37879016064257026,0.17364457831325303,0.23433734939759038,0.3425200803212851,0.33433734939759036,0.33067269076305217
Loop/680,0.32904116465863453,0.5155371485943775,0.46827309236947795,0.2715863453815261,0.30454317269076303,0.18345883534136545
Loop/681,0.3286897590361446,0.4583082329317269,0.24337349397590363,0.26618975903614456,0.5170682730923695,0.20798192771084337
Loop/682,0.31224899598393574,0.331074297188755,0.4905371485943775,0.34116465863453815,0.5068022088353413,0.25737951807228915
Loop/683,0.35710341365461845,0.35722891566265064,0.4420933734939759,0.4073795180722891,0.4014307228915663,0.3248493975903614
Loop/684,0.3497991967871486,0.3060993975903614,0.1815261044176707,0.3017821285140562,0.4321285140562249,0.3129016064257028
Loop/686,0.2840361445783133,0.5841114457831326,0.24590863453815262,0.32183734939759034,0.3938504016064257,0.29889558232931723
Loop/687,0.24319779116465862,0.42766064257028114,0.14934738955823293,0.21295180722891566,0.4120983935742972,0.1639809236947791
Loop/688,0.21792168674698792,0.327183734939759,0.24181726907630524,0.22427208835341364,0.5169427710843374,0.2981425702811245
Loop/689,0.33541666666666664,0.4894578313253012,0.392745983935743,0.37838855421686746,0.4805722891566265,0.28426204819277107
Loop/69,0.2900602409638554,0.42484939759036144,0.16583835341365463,0.21897590361445785,0.48014558232931726,0.29216867469879515
Loop/691,0.15318775100401608,0.28506526104417673,0.016666666666666666,0.1332831325301205,0.48451305220883534,0.09608433734939759
Loop/692,0.2625,0.4702560240963855,0.26955321285140565,0.30027610441767066,0.4071536144578313,0.3914407630522089
Loop/693,0.2996987951807229,0.3682730923694779,0.16149598393574296,0.3189759036144578,0.4766566265060241,0.25988955823293175
Loop/695,0.34864457831325296,0.4561746987951807,0.31664156626506024,0.27748493975903615,0.3621987951807229,0.3339859437751004
Loop/696,0.32055722891566263,0.4971385542168675,0.40238453815261044,0.28990963855421686,0.4592871485943775,0.3213102409638554
Loop/697,0.327535140562249,0.4254769076305221,0.4302961847389558,0.3670682730923695,0.455070281124498,0.2722640562248996
Loop/699,0.2796937751004016,0.39568273092369477,0.2028363453815261,0.22532630522088354,0.3529116465863454,0.29269578313253014
Loop/70,0.34984939759036143,0.46046686746987947,0.3133283132530121,0.31802208835341367,0.43328313253012046,0.3325552208835341
Loop/701,0.2052710843373494,0.41872489959839354,0.11490963855421686,0.20158132530120482,0.341039156626506,0.1784387550200803
Loop/703,0.372113453815261,0.46307730923694784,0.35195783132530123,0.33835341365461846,0.44937248995983936,0.2907379518072289
Loop/705,0.35554718875502006,0.4400602409638554,0.4390562248995984,0.353062248995984,0.4653363453815261,0.4215361445783133
Loop/71,0.3136546184738956,0.30948795180722893,0.30778112449799194,0.306425702811245,0.4666666666666667,0.24756526104417673
Loop/710,0.3545682730923695,0.4738955823293172,0.5558734939759036,0.28496485943775096,0.20700301204819277,0.18908132530120483
Loop/711,0.3975401606425703,0.3350401606425703,0.20185742971887552,0.2758785140562249,0.45366465863453814,0.2559487951807229
Loop/712,0.35253514056224905,0.6074046184738956,0.25911144578313255,0.3626506024096386,0.36995481927710844,0.2184738955823293
Loop/713,0.41684236947791165,0.5742971887550201,0.5364457831325301,0.3434738955823293,0.43448795180722893,0.31184738955823293
Loop/716,0.13792670682730923,0.43775100401606426,0.05557228915662651,0.1454317269076305,0.4243222891566265,0.0698293172690763
Loop/718,0.39523092369477913,0.34924698795180725,0.27635542168674704,0.37688253012048195,0.4161897590361446,0.3488955823293173
Loop/722,0.4122238955823293,0.4383785140562249,0.4571034136546185,0.29066265060240964,0.37954317269076304,0.29718875502008035
Loop/723,0.42356927710843373,0.3505522088353414,0.2645582329317269,0.4548694779116466,0.43207831325301205,0.35281124497991967
Loop/724,0.3752259036144578,0.29294678714859435,0.28059738955823293,0.45906124497991974,0.32555220883534136,0.18044678714859438
Loop/725,0.3574548192771084,0.4620230923694779,0.2745481927710844,0.2932228915662651,0.4431475903614458,0.2916917670682731
Loop/726,0.35891064257028116,0.3420682730923695,0.21852409638554218,0.2694277108433735,0.45572289156626505,0.2676706827309237
Loop/727,0.11869979919678715,0.56839859437751,0.12969377510040161,0.10454317269076305,0.3732429718875502,0.12713353413654618
Loop/728,0.35399096385542167,0.4922690763052209,0.5337098393574298,0.2744477911646586,0.42100903614457835,0.2367971887550201
Loop/729,0.27173694779116464,0.4150100401606426,0.13755020080321284,0.3128765060240964,0.4627510040160642,0.2583584337349398
Loop/73,0.17562751004016064,0.41885040160642567,0.08461345381526104,0.10750502008032128,0.3664909638554217,0.25622489959839356
Loop/730,0.28659638554216865,0.38689759036144583,0.23017068273092367,0.3137801204819277,0.41558734939759034,0.3282881526104418
Loop/732,0.31608935742971883,0.17946787148594376,0.1438253012048193,0.23441265060240965,0.34116465863453815,0.31907630522088354
Loop/733,0.3269578313253012,0.40850903614457834,0.5080321285140562,0.30346385542168675,0.46541164658634543,0.2319528112449799
Loop/736,0.2712098393574297,0.2692269076305221,0.2675953815261044,0.2910140562248996,0.40481927710843374,0.2839859437751004
Loop/738,0.3642570281124498,0.38125,0.2243222891566265,0.26106927710843375,0.38242971887550203,0.23157630522088354
Loop/74,0.40617469879518076,0.43998493975903613,0.4562248995983936,0.3779116465863454,0.3474146586345382,0.2835843373493976
Loop/740,0.4006024096385542,0.3965863453815261,0.3607680722891566,0.4126255020080321,0.4879518072289157,0.25135542168674696
Loop/742,0.3016315261044176,0.3136044176706827,0.2038152610441767,0.2083082329317269,0.3583835341365462,0.271285140562249
Loop/743,0.09618473895582329,0.342394578313253,0.028463855421686744,0.08345883534136546,0.3144578313253012,0.1309487951807229
Loop/745,0.322991967871486,0.2808483935742972,0.2091616465863454,0.38089859437751006,0.36360441767068274,0.28458835341365457
Loop/747,0.29309738955823295,0.16119477911646587,0.2528363453815261,0.26877510040160646,0.3227158634538153,0.26177208835341365
Loop/75,0.17053212851405625,0.4706827309236948,0.09861947791164657,0.1424698795180723,0.3862198795180723,0.09375
Loop/750,0.2742218875502008,0.3884789156626506,0.5215612449799196,0.23069779116465866,0.4555722891566265,0.24417670682730921
Loop/751,0.16787148594377507,0.3987198795180723,0.20112951807228915,0.26940261044176705,0.4727409638554217,0.30225903614457833
Loop/752,0.3877008032128514,0.4203564257028113,0.4831074297188755,0.3272339357429719,0.43406124497991966,0.3821536144578313
Loop/753,0.3810240963855422,0.31109437751004015,0.2993724899598394,0.2520582329317269,0.4133785140562249,0.28273092369477915
Loop/754,0.3932981927710843,0.3793674698795181,0.4240461847389558,0.33948293172690763,0.436320281124498,0.2972138554216867
Loop/755,0.0696285140562249,0.498995983935743,0.04897088353413655,0.06598895582329317,0.30449297188755026,0.1227660642570281
Loop/756,0.4201305220883534,0.4045180722891566,0.38642068273092367,0.3957078313253012,0.4786144578313253,0.35434236947791165
Loop/758,0.2797941767068273,0.38125,0.15065261044176706,0.22728413654618473,0.33870481927710844,0.2963604417670683
Loop/759,0.3304467871485944,0.3624246987951807,0.32826305220883534,0.27050702811244975,0.38039658634538154,0.3997740963855422
Loop/76,0.37251506024096387,0.3532128514056225,0.18920682730923696,0.306425702811245,0.43546686746987956,0.2069528112449799
Loop/763,0.12095883534136546,0.3446536144578313,0.1325301204819277,0.0864206827309237,0.3601154618473895,0.29528112449799193
Loop/764,0.1730421686746988,0.2963102409638554,0.3750251004016064,0.17638052208835342,0.33724899598393576,0.23900602409638555
Loop/765,0.26385542168674697,0.2744226907630522,0.2820281124497992,0.2825803212851406,0.45727911646586344,0.37525100401606426
Loop/766,0.3606425702811245,0.37886546184738956,0.36096887550200807,0.3877259036144578,0.5083082329317269,0.2906877510040161
Loop/767,0.4474397590361446,0.30070281124497994,0.2799698795180723,0.38684738955823295,0.4703313253012048,0.2147590361445783
Loop/769,0.30522088353413657,0.20677710843373495,0.22314257028112452,0.2664156626506024,0.4330572289156626,0.2731676706827309
Loop/770,0.23551706827309238,0.5612951807228916,0.35281124497991967,0.24244477911646586,0.4430973895582329,0.29952309236947794
Loop/772,0.33089859437751007,0.2790913654618474,0.17010542168674697,0.28624497991967873,0.3914156626506024,0.2636044176706827
Loop/773,0.22866465863453816,0.2215612449799197,0.07811244979919678,0.21116967871485942,0.30552208835341366,0.20790662650602407
Loop/775,0.3472138554216867,0.42449799196787147,0.5318775100401606,0.2401355421686747,0.4091867469879518,0.27582831325301205
Loop/776,0.3629518072289157,0.29349899598393575,0.23614457831325303,0.4207329317269076,0.5103915662650602,0.3013303212851406
Loop/779,0.2577309236947791,0.2676204819277109,0.24111445783132532,0.18247991967871485,0.3754518072289157,0.341039156626506
Loop/784,0.3858433734939759,0.33918172690763054,0.31019076305220883,0.3216616465863454,0.5161395582329317,0.3733433734939759
Loop/785,0.34018574297188753,0.4041917670682731,0.1884789156626506,0.3366214859437751,0.4043423694779117,0.21634036144578314
Loop/787,0.20261044176706827,0.2833835341365462,0.11277610441767069,0.1980421686746988,0.4411897590361446,0.28744979919678715
Loop/788,0.3286395582329317,0.40122991967871485,0.26116967871485947,0.3466114457831325,0.5405371485943775,0.3438504016064257
Loop/79,0.383433734939759,0.3410642570281125,0.43534136546184743,0.3610441767068273,0.48049698795180723,0.3545933734939759
Loop/790,0.30986445783132527,0.47098393574297187,0.47826305220883536,0.34748995983935743,0.5082329317269076,0.2547439759036145
Loop/792,0.31895080321285135,0.36679216867469877,0.4319026104417671,0.25780622489959837,0.3753765060240964,0.18069779116465862
Loop/793,0.2895331325301205,0.39836847389558233,0.17751004016064256,0.19942269076305222,0.3894578313253012,0.23684738955823292
Loop/794,0.309613453815261,0.4477158634538153,0.45336345381526105,0.268925702811245,0.4746987951807229,0.2167670682730924
Loop/795,0.3568775100401606,0.3594879518072289,0.31784638554216865,0.4358433734939759,0.46887550200803213,0.2556224899598394
Loop/796,0.2535893574297189,0.42502510040160646,0.31372991967871483,0.25818273092369476,0.32143574297188754,0.25180722891566265
Loop/797,0.2354417670682731,0.2897590361445783,0.2259538152610442,0.22474899598393575,0.43970883534136546,0.3689759036144578
Loop/798,0.33034638554216866,0.4569277108433735,0.4341867469879518,0.28343373493975904,0.47788654618473897,0.4358182730923695
Loop/799,0.18684738955823293,0.4291917670682731,0.23079819277108435,0.1742971887550201,0.27858935742971885,0.2539156626506024
Loop/800,0.40519578313253013,0.36197289156626505,0.3016817269076305,0.32033132530120484,0.38534136546184733,0.34031124497991966
Loop/801,0.38431224899598393,0.3207831325301205,0.4551706827309237,0.358960843373494,0.3707078313253012,0.27633032128514057
Loop/803,0.2764307228915663,0.4561997991967871,0.2593373493975904,0.22806224899598393,0.3180471887550201,0.17389558232931726
Loop/805,0.061295180722891564,0.49623493975903615,0.03127510040160643,0.04078815261044177,0.40133032128514057,0.12863955823293172
Loop/806,0.11832329317269076,0.46465863453815265,0.07730923694779117,0.10805722891566266,0.40730421686746987,0.18995983935742972
Loop/807,0.18451305220883535,0.33511546184738955,0.09319779116465864,0.1740963855421687,0.41320281124497993,0.19756526104417674
Loop/81,0.39457831325301207,0.29108935742971886,0.23491465863453817,0.3100652610441767,0.33363453815261046,0.4203815261044177
Loop/810,0.27876506024096387,0.2913403614457831,0.1313504016064257,0.26232429718875505,0.44595883534136543,0.31352911646586346
Loop/814,0.2636546184738956,0.2924698795180723,0.17941767068273093,0.20085341365461848,0.4895582329317269,0.312675702811245
Loop/816,0.3376004016064257,0.32858935742971884,0.3543925702811245,0.19540662650602408,0.39593373493975903,0.22700803212851406
Loop/819,0.1890562248995984,0.2263805220883534,0.11365461847389559,0.1472640562248996,0.3933483935742972,0.30183232931726905
Loop/82,0.32191265060240964,0.2540160642570281,0.16875,0.2118222891566265,0.44997489959839354,0.30878514056224904
Loop/821,0.38318273092369476,0.29294678714859435,0.23760040160642573,0.36829819277108433,0.37359437751004015,0.25138052208835343
Loop/823,0.36744477911646584,0.35660140562248993,0.3879016064257028,0.4093875502008032,0.42464859437751007,0.17088353413654617
Loop/824,0.055421686746987955,0.552233935742972,0.018950803212851405,0.056325301204819274,0.39633534136546184,0.04570783132530121
Loop/826,0.277183734939759,0.27901606425702813,0.21470883534136545,0.2477660642570281,0.4455823293172691,0.22710843373493977
Loop/829,0.35271084337349395,0.37311746987951805,0.2692269076305221,0.37532630522088356,0.5257279116465863,0.3244979919678715
Loop/831,0.34068775100401605,0.4474397590361446,0.38280622489959837,0.3830823293172691,0.5404869477911646,0.3449799196787149
Loop/833,0.30913654618473896,0.49199297188755026,0.34824297188755016,0.3464357429718875,0.36242469879518074,0.2551957831325301
Loop/834,0.4114206827309237,0.37236445783132527,0.3569026104417671,0.3252259036144578,0.34887048192771086,0.35625
Loop/835,0.373468875502008,0.462324297188755,0.5454066265060241,0.3016315261044177,0.3321034136546185,0.16009036144578312
Loop/84,0.3588855421686747,0.4667419678714859,0.342218875502008,0.24643574297188756,0.3965863453815261,0.3501004016064257
Loop/841,0.25534638554216865,0.4641315261044177,0.2607178714859438,0.30316265060240966,0.48097389558232934,0.3118975903614458
Loop/842,0.28539156626506024,0.39289658634538155,0.22083333333333333,0.28062248995983935,0.4370732931726907,0.21084337349397592
Loop/843,0.3008534136546185,0.19460341365461847,0.14357429718875503,0.22643072289156627,0.44249497991967873,0.26305220883534136
Loop/844,0.401004016064257,0.34460341365461844,0.2716114457831325,0.32419678714859435,0.38042168674698795,0.2880020080321285
Loop/845,0.34869477911646585,0.577886546184739,0.47464859437751006,0.2972389558232932,0.4284136546184739,0.18315763052208836
Loop/85,0.20512048192771085,0.35,0.1226656626506024,0.2169929718875502,0.4235943775100402,0.22590361445783133
Loop/850,0.40208333333333335,0.35253514056224905,0.4042921686746988,0.3122991967871486,0.3786897590361446,0.18167670682730921
Loop/851,0.3747740963855422,0.30502008032128514,0.32319277108433736,0.3442018072289157,0.37276606425702813,0.3692520080321285
Loop/852,0.31280120481927715,0.5055722891566264,0.24482931726907628,0.22690763052208837,0.41498493975903616,0.2833333333333333
Loop/853,0.4065261044176707,0.4683483935742972,0.501355421686747,0.2895582329317269,0.4156877510040161,0.2262550200803213
Loop/856,0.36403112449799196,0.3533885542168675,0.11960341365461848,0.316867469879518,0.41485943775100403,0.30941265060240963
Loop/858,0.26224899598393575,0.19221887550200803,0.08285642570281125,0.25100401606425704,0.326355421686747,0.15988955823293172
Loop/859,0.29505522088353414,0.39769076305220885,0.195105421686747,0.2988453815261044,0.464683734939759,0.18240461847389558
Loop/86,0.3003263052208835,0.37801204819277107,0.3157379518072289,0.2637801204819277,0.32221385542168673,0.3441767068273093
Loop/863,0.2920682730923695,0.5222640562248996,0.41051706827309237,0.23042168674698796,0.39688755020080324,0.27397088353413657
Loop/867,0.3284638554216867,0.4792921686746988,0.3221636546184739,0.34387550200803213,0.39405120481927713,0.3069026104417671
Loop/870,0.30138052208835336,0.30755522088353415,0.12615461847389559,0.25705321285140564,0.4325301204819277,0.24156626506024098
Loop/874,0.2669176706827309,0.3666917670682731,0.15040160642570283,0.3016817269076305,0.3681726907630522,0.36674196787148594
Loop/878,0.30331325301204815,0.5797941767068273,0.3406375502008032,0.3266064257028113,0.4323042168674699,0.41430722891566263
Loop/879,0.3826556224899598,0.5376004016064257,0.5117218875502008,0.4066767068273093,0.37924196787148595,0.2624246987951807
Loop/88,0.3332831325301205,0.35700301204819274,0.44016064257028115,0.2683483935742972,0.5198293172690763,0.20446787148594375
Loop/880,0.2980170682730924,0.4195281124497992,0.2767319277108434,0.23037148594377513,0.3781124497991968,0.3169678714859438
Loop/881,0.36842369477911646,0.37720883534136546,0.2694277108433735,0.2704317269076305,0.38549196787148593,0.42889056224899597
Loop/883,0.3504769076305221,0.40271084337349394,0.4739457831325301,0.41252510040160645,0.45883534136546184,0.3045180722891566
Loop/884,0.1309487951807229,0.47346887550200806,0.10203313253012049,0.15293674698795182,0.5639558232931726,0.2567269076305221
Loop/887,0.38727409638554217,0.40886044176706826,0.3057730923694779,0.32590361445783134,0.4527359437751004,0.3466616465863454
Loop/888,0.23421184738955825,0.2760291164658634,0.15517068273092371,0.2724397590361446,0.30502008032128514,0.21372991967871485
Loop/889,0.3605170682730924,0.36408132530120485,0.330245983935743,0.2607429718875502,0.3304216867469879,0.3563002008032129
Loop/891,0.3772841365461847,0.36390562248995983,0.44126506024096385,0.3534387550200803,0.523167670682731,0.32281626506024097
Loop/892,0.11664156626506024,0.4679718875502008,0.1098644578313253,0.11340361445783133,0.36335341365461843,0.21503514056224898
Loop/893,0.31543674698795177,0.27633032128514057,0.25991465863453816,0.3377761044176707,0.41091867469879517,0.36822289156626503
Loop/895,0.39460341365461843,0.42467369477911643,0.45936244979919677,0.4174698795180723,0.5014809236947791,0.22756024096385544
Loop/897,0.44839357429718874,0.3465361445783133,0.36558734939759036,0.36006526104417674,0.39126506024096386,0.38714859437751004
Loop/899,0.46531124497991966,0.30225903614457833,0.2697038152610442,0.3706325301204819,0.4828313253012048,0.27502510040160644
Loop/9,0.2627761044176707,0.3372740963855422,0.19897088353413656,0.19904618473895583,0.37876506024096385,0.3279116465863454
Loop/90,0.3141817269076305,0.3601907630522089,0.418574297188755,0.3560993975903614,0.4493222891566265,0.23413654618473895
Loop/900,0.27341867469879516,0.4847389558232932,0.1524347389558233,0.24829317269076304,0.4564006024096386,0.2436495983935743
Loop/902,0.37723393574297187,0.5294427710843373,0.4774598393574297,0.2415913654618474,0.40015060240963857,0.29214357429718874
Loop/903,0.3718624497991968,0.3353413654618474,0.24420180722891566,0.3241214859437751,0.3412399598393574,0.2699799196787149
Loop/904,0.31664156626506024,0.468925702811245,0.44282128514056224,0.3243222891566265,0.3294929718875502,0.1837600401606426
Loop/905,0.3213855421686747,0.4595632530120482,0.30717871485943776,0.2724899598393574,0.45860943775100405,0.2724146586345382
Loop/907,0.3943022088353414,0.2674698795180723,0.19470381526104416,0.3332831325301205,0.4022339357429719,0.2546937751004016
Loop/908,0.34902108433734935,0.41691767068273095,0.2762299196787149,0.32156124497991967,0.37286646586345384,0.40840863453815257
Loop/909,0.13132530120481928,0.3911144578313253,0.12690763052208834,0.15240963855421688,0.47733433734939756,0.2639558232931727
Loop/91,0.3295180722891566,0.45564759036144575,0.235140562248996,0.35512048192771084,0.48900602409638555,0.2569277108433735
Loop/910,0.33910642570281124,0.36957831325301205,0.292043172690763,0.33132530120481923,0.5253263052208835,0.34748995983935743
Loop/911,0.3898343373493976,0.32105923694779115,0.33541666666666664,0.2985943775100402,0.4434989959839358,0.38471385542168673
Loop/913,0.3545933734939759,0.40210843373493976,0.3921435742971887,0.35700301204819274,0.46197289156626503,0.21684236947791163
Loop/914,0.2873995983935743,0.42758534136546184,0.17346887550200804,0.19563253012048193,0.44206827309236946,0.3402359437751004
Loop/916,0.35037650602409637,0.49513052208835345,0.38719879518072287,0.3130773092369478,0.4478915662650602,0.39487951807228916
Loop/917,0.24583333333333332,0.21483433734939758,0.24485441767068272,0.2668925702811245,0.40092871485943776,0.2556726907630522
Loop/918,0.30313755020080324,0.4290913654618474,0.311495983935743,0.27344377510040163,0.37414658634538156,0.34327309236947795
Loop/92,0.1612951807228916,0.4979919678714859,0.053714859437751006,0.15755522088353413,0.4426706827309237,0.20923694779116467
Loop/920,0.2951556224899598,0.3085090361445783,0.20145582329317271,0.24628514056224898,0.431425702811245,0.2828062248995984
Loop/921,0.35276104417670684,0.5396335341365462,0.3601656626506024,0.339683734939759,0.3674698795180723,0.40572289156626506
Loop/923,0.19216867469879517,0.2787901606425703,0.08920682730923696,0.17643072289156628,0.4054467871485944,0.2352660642570281
Loop/925,0.17966867469879516,0.5262801204819277,0.19575803212851406,0.11578815261044177,0.3889056224899598,0.24410140562248997
Loop/926,0.29656124497991965,0.3686495983935743,0.142570281124498,0.27926706827309233,0.4568273092369478,0.2533383534136546
Loop/927,0.10065261044176707,0.317745983935743,0.03682228915662651,0.12542670682730925,0.4031877510040161,0.16967871485943775
Loop/928,0.35522088353413656,0.47944277108433736,0.4395833333333333,0.2544929718875502,0.3468624497991968,0.226355421686747
Loop/929,0.2125753012048193,0.32055722891566263,0.26187248995983936,0.17540160642570282,0.4880020080321285,0.20818273092369477
Loop/93,0.1821034136546185,0.22161144578313252,0.24006024096385542,0.1875,0.3110441767068273,0.24671184738955826
Loop/930,0.4551706827309237,0.4153363453815261,0.44613453815261045,0.3377259036144578,0.39683734939759036,0.3237198795180723
Loop/932,0.20406626506024098,0.42700803212851407,0.10451807228915662,0.19691265060240962,0.4428714859437751,0.1492971887550201
Loop/934,0.3093122489959839,0.44799196787148593,0.43338353413654623,0.2529367469879518,0.2798694779116466,0.1672941767068273
Loop/935,0.36684236947791166,0.4274849397590362,0.3870983935742972,0.33034638554216866,0.36147088353413653,0.2875
Loop/936,0.059989959839357426,0.44046184738955824,0.029969879518072288,0.06315261044176707,0.43657128514056226,0.11769578313253011
Loop/937,0.22123493975903616,0.3273343373493976,0.058810240963855426,0.17788654618473895,0.47168674698795177,0.16400602409638554
Loop/939,0.4259036144578313,0.3894578313253012,0.45007530120481926,0.3273845381526105,0.3755020080321285,0.4038152610441767
Loop/941,0.3631777108433735,0.28770080321285146,0.24967369477911647,0.34638554216867473,0.45243473895582326,0.38353413654618473
Loop/942,0.11957831325301206,0.32397088353413656,0.09299698795180723,0.10080321285140562,0.38990963855421684,0.22377008032128515
Loop/944,0.4156877510040161,0.293925702811245,0.2204066265060241,0.3854417670682731,0.36716867469879516,0.20863453815261043
Loop/946,0.3406375502008032,0.5097389558232932,0.5425953815261043,0.27356927710843376,0.42424698795180726,0.248644578313253
Loop/947,0.3265060240963855,0.285617469879518,0.18195281124497992,0.3521335341365462,0.39016064257028116,0.22417168674698795
Loop/949,0.29385040160642567,0.46257530120481927,0.32083333333333336,0.33579317269076303,0.4370732931726907,0.20316265060240965
Loop/95,0.31754518072289156,0.5631777108433734,0.5463855421686747,0.2603915662650602,0.37045682730923696,0.3069026104417671
Loop/953,0.3262048192771084,0.46383032128514057,0.16701807228915663,0.28704819277108434,0.440687751004016,0.3152359437751004
Loop/956,0.3926706827309237,0.35567269076305225,0.35288654618473897,0.37648092369477915,0.5131526104417671,0.25065261044176707
Loop/957,0.32904116465863453,0.3568273092369478,0.35062751004016063,0.31817269076305216,0.44108935742971883,0.30953815261044176
Loop/958,0.3169678714859438,0.41430722891566263,0.44088855421686746,0.2848644578313253,0.330070281124498,0.30873493975903615
Loop/96,0.24907128514056223,0.45539658634538155,0.19134036144578312,0.2684738955823293,0.49646084337349394,0.27023092369477913
Loop/960,0.17038152610441767,0.365687751004016,0.06905120481927711,0.1557730923694779,0.3776606425702811,0.15090361445783132
Loop/961,0.31636546184738956,0.3496987951807229,0.33569277108433737,0.2939759036144578,0.37808734939759037,0.2993222891566265
Loop/962,0.3585843373493976,0.5251506024096385,0.511320281124498,0.36995481927710844,0.36932730923694784,0.24974899598393574
Loop/963,0.1790913654618474,0.5044929718875502,0.16342871485943775,0.16822289156626505,0.3762801204819277,0.13634538152610443
Loop/967,0.35276104417670684,0.4663152610441767,0.33677208835341366,0.27414658634538147,0.4623995983935743,0.23471385542168674
Loop/968,0.108785140562249,0.5866214859437751,0.05025100401606426,0.08805220883534136,0.33551706827309236,0.18263052208835343
Loop/969,0.35331325301204825,0.3624748995983936,0.275175702811245,0.3473895582329317,0.4104919678714859,0.2672941767068273
Loop/97,0.15609939759036143,0.38644578313253014,0.17690763052208835,0.10886044176706827,0.2684738955823293,0.1697289156626506
Loop/970,0.2805722891566265,0.3317520080321285,0.12966867469879517,0.2723895582329317,0.48406124497991965,0.25100401606425704
Loop/971,0.38160140562248995,0.37836345381526104,0.1784387550200803,0.3015060240963855,0.41119477911646585,0.26393072289156627
Loop/972,0.19781626506024097,0.43483935742971885,0.15921184738955824,0.23263052208835341,0.37956827309236946,0.16495983935742972
Loop/973,0.2719879518072289,0.21774598393574296,0.20296184738955822,0.23908132530120482,0.37886546184738956,0.2872238955823293
Loop/974,0.21465863453815262,0.4299196787148594,0.17665662650602412,0.18466365461847392,0.43370983935742974,0.25903614457831325
Loop/975,0.36716867469879516,0.33948293172690763,0.32643072289156627,0.38852911646586347,0.5255020080321285,0.4166666666666667
Loop/977,0.14904618473895584,0.3372740963855422,0.06965361445783132,0.09590863453815261,0.4277359437751004,0.1415160642570281
Loop/978,0.24231927710843373,0.4390562248995984,0.13205321285140562,0.15356425702811244,0.3912399598393574,0.19016064257028112
Loop/979,0.2292921686746988,0.2956827309236948,0.1664909638554217,0.30662650602409636,0.43363453815261044,0.19947289156626505
Loop/98,0.33002008032128516,0.3846385542168675,0.4038403614457831,0.34485441767068276,0.3072289156626506,0.3365712851405622
Loop/980,0.2532881526104418,0.5167921686746988,0.16880020080321284,0.15476907630522088,0.36779618473895587,0.15712851405622488
Loop/981,0.33132530120481923,0.248644578313253,0.12974397590361444,0.20921184738955823,0.4487198795180723,0.3393574297188755
Loop/982,0.32306726907630523,0.3390562248995984,0.167218875502008,0.32557730923694783,0.46842369477911644,0.24789156626506023
Loop/983,0.09226907630522088,0.36084337349397594,0.025476907630522086,0.07023092369477912,0.26541164658634536,0.07271586345381525
Loop/984,0.310140562248996,0.5242971887550201,0.47168674698795177,0.3256526104417671,0.5438002008032129,0.2696536144578313
Loop/986,0.30434236947791166,0.3186495983935743,0.22846385542168676,0.2320281124497992,0.40722891566265057,0.2497238955823293
Loop/987,0.0695281124497992,0.4213102409638554,0.0303714859437751,0.07043172690763051,0.40983935742971883,0.1164156626506024
Loop/988,0.34924698795180725,0.3561495983935743,0.4531877510040161,0.32472389558232934,0.4338353413654618,0.33541666666666664
Loop/989,0.46051706827309236,0.3625,0.40052710843373496,0.4098644578313253,0.5053965863453815,0.32153614457831325
Loop/992,0.11731927710843373,0.376004016064257,0.01623995983935743,0.11583835341365462,0.13002008032128515,0.15010040160642568
Loop/993,0.34390060240963854,0.38320783132530123,0.3410140562248996,0.31064257028112446,0.3528363453815261,0.3137801204819277
Loop/995,0.4311244979919679,0.33940763052208833,0.26581325301204817,0.4120983935742972,0.3983182730923695,0.39849397590361446
Loop/996,0.4153363453815261,0.26616465863453814,0.3192520080321285,0.353714859437751,0.3469628514056225,0.4229919678714859
Loop/998,0.30737951807228914,0.45657630522088355,0.22043172690763052,0.27771084337349394,0.5527610441767068,0.2830321285140562
OhioT1DM/563,0.41596385542168673,0.2673443775100402,0.1943524096385542,0.31448293172690767,0.33637048192771085,0.1890562248995984
OhioT1DM/588,0.2671937751004016,0.2569277108433735,0.10542168674698796,0.23165160642570282,0.4352158634538153,0.2972640562248996
PEDAP/10,0.3599397590361446,0.28634538152610445,0.33898092369477906,0.2565512048192771,0.37193775100401605,0.30230923694779116
PEDAP/100,0.3032128514056225,0.509789156626506,0.29600903614457835,0.23167670682730923,0.3830321285140562,0.4208835341365462
PEDAP/102,0.3534136546184739,0.25923694779116463,0.3060993975903614,0.2543674698795181,0.2462098393574297,0.2864457831325301
PEDAP/103,0.3349397590361446,0.416214859437751,0.4299949799196787,0.2988704819277109,0.36731927710843376,0.2880020080321285
PEDAP/106,0.26393072289156627,0.3974397590361446,0.21686746987951808,0.21069277108433734,0.407605421686747,0.28551706827309237
PEDAP/107,0.4581576305220884,0.4192018072289157,0.44337349397590364,0.29106425702811245,0.33511546184738955,0.42474899598393573
PEDAP/109,0.339382530120482,0.494754016064257,0.2882781124497992,0.26832329317269077,0.3229166666666667,0.27105923694779116
PEDAP/11,0.38436244979919676,0.39593373493975903,0.3569779116465863,0.3443524096385542,0.3508534136546185,0.30389056224899597
PEDAP/13,0.3727158634538153,0.37279116465863454,0.3291164658634538,0.3283132530120482,0.45055220883534136,0.37279116465863454
PEDAP/14,0.2631526104417671,0.20991465863453815,0.11011546184738956,0.22439759036144577,0.37394578313253013,0.37118473895582327
PEDAP/16,0.37793674698795177,0.4146586345381526,0.37028112449799194,0.33034638554216866,0.501882530120482,0.3319779116465863
PEDAP/18,0.3898092369477911,0.42241465863453814,0.45627510040160646,0.2966616465863454,0.3821787148594378,0.31950301204819276
PEDAP/19,0.38227911646586343,0.452535140562249,0.5247991967871486,0.3092118473895582,0.341039156626506,0.2676204819277109
PEDAP/20,0.403714859437751,0.4430973895582329,0.38104919678714855,0.38283132530120484,0.3965612449799197,0.3462098393574297
PEDAP/23,0.344754016064257,0.30868473895582327,0.2820783132530121,0.30988955823293174,0.4369477911646586,0.26031626506024097
PEDAP/24,0.3268323293172691,0.3193273092369478,0.25815763052208834,0.257605421686747,0.20768072289156628,0.242394578313253
PEDAP/26,0.24555722891566265,0.4030622489959839,0.382254016064257,0.1357429718875502,0.44121485943775096,0.3096636546184739
PEDAP/27,0.2552710843373494,0.242394578313253,0.10115461847389559,0.15840863453815263,0.30700301204819275,0.16839859437751004
PEDAP/28,0.2611194779116466,0.2825803212851406,0.19959839357429718,0.2369477911646586,0.4657128514056225,0.23335843373493978
PEDAP/29,0.25707831325301206,0.27479919678714854,0.28792670682730925,0.285140562248996,0.4464859437751004,0.2589106425702811
PEDAP/3,0.3443524096385542,0.3265562248995984,0.33885542168674704,0.2855421686746988,0.3605672690763052,0.30311244979919677
PEDAP/31,0.3061244979919679,0.3437248995983936,0.2698544176706827,0.25140562248995985,0.3598644578313253,0.24681224899598395
PEDAP/34,0.20657630522088352,0.2950301204819277,0.33574297188755015,0.21591365461847392,0.3765562248995984,0.2347640562248996
PEDAP/36,0.2541917670682731,0.28132530120481924,0.3313504016064257,0.20958835341365462,0.3717118473895582,0.2398092369477912
PEDAP/38,0.2779618473895582,0.29309738955823295,0.1183734939759036,0.17055722891566263,0.311495983935743,0.15230923694779114
PEDAP/4,0.38119979919678715,0.26350401606425705,0.3103664658634538,0.2865210843373494,0.4547439759036145,0.32477409638554217
PEDAP/40,0.31282630522088356,0.4027359437751004,0.21119477911646586,0.18900602409638553,0.3719377510040161,0.2540160642570281
PEDAP/43,0.38481425702811245,0.3759538152610442,0.3049698795180723,0.22863955823293172,0.3734186746987952,0.3446034136546185
PEDAP/44,0.33114959839357433,0.23114959839357432,0.25025100401606426,0.3124748995983936,0.3754267068273093,0.26784638554216866
PEDAP/46,0.3241465863453815,0.25338855421686746,0.28268072289156626,0.27218875502008033,0.4396084337349398,0.33832831325301205
PEDAP/49,0.31754518072289156,0.37816265060240967,0.3520331325301205,0.3441767068273093,0.4923443775100402,0.29831827309236947
PEDAP/5,0.2861194779116466,0.3710843373493976,0.4538403614457831,0.2544929718875502,0.46089357429718875,0.316390562248996
PEDAP/51,0.3561997991967871,0.5679467871485944,0.5101656626506024,0.21616465863453815,0.13737449799196788,0.23473895582329316
PEDAP/52,0.30466867469879516,0.15258534136546184,0.14372489959839357,0.26706827309236947,0.3201556224899598,0.30384036144578314
PEDAP/53,0.28423694779116465,0.42334337349397594,0.35562248995983936,0.23908132530120482,0.3938755020080321,0.18963353413654618
PEDAP/58,0.26711847389558235,0.3621987951807229,0.3934738955823293,0.21997991967871486,0.26116967871485947,0.3393323293172691
PEDAP/59,0.2695281124497992,0.41608935742971886,0.5169678714859438,0.2804467871485944,0.39691265060240966,0.27658132530120483
PEDAP/60,0.35005020080321286,0.46408132530120483,0.4174447791164659,0.23393574297188754,0.3474146586345382,0.25379016064257026
PEDAP/61,0.33205321285140565,0.31606425702811247,0.3073042168674699,0.3323544176706827,0.35640060240963856,0.2740712851405622
PEDAP/62,0.34149096385542166,0.523820281124498,0.5581827309236949,0.27341867469879516,0.43938253012048195,0.30261044176706825
PEDAP/64,0.2255773092369478,0.43875502008032125,0.3140562248995984,0.17781124497991968,0.2636044176706827,0.3072289156626506
PEDAP/65,0.36965361445783135,0.41483433734939756,0.4099397590361446,0.2754016064257028,0.40133032128514057,0.30893574297188753
PEDAP/66,0.2740712851405622,0.4301706827309237,0.4133534136546185,0.1814759036144578,0.4303212851405622,0.2872991967871486
PEDAP/68,0.3435491967871486,0.4342620481927711,0.5035893574297189,0.19954819277108435,0.3561495983935743,0.21119477911646586
PEDAP/69,0.3170180722891566,0.3715863453815261,0.39397590361445783,0.2127259036144578,0.40755522088353413,0.3088604417670683
PEDAP/70,0.35773092369477916,0.42766064257028114,0.31312751004016065,0.3262048192771084,0.30778112449799194,0.29733935742971884
PEDAP/77,0.33200301204819277,0.35559738955823295,0.35005020080321286,0.3076807228915663,0.48250502008032126,0.3022841365461847
PEDAP/78,0.2985943775100402,0.5051204819277109,0.5228664658634539,0.21106927710843373,0.1887550200803213,0.2242218875502008
PEDAP/8,0.24613453815261044,0.24631024096385543,0.3514558232931727,0.3072791164658634,0.2809236947791165,0.3736696787148594
PEDAP/81,0.40230923694779114,0.25183232931726907,0.2785140562248996,0.26900100401606425,0.49535642570281124,0.24437751004016064
PEDAP/82,0.33109939759036144,0.2423694779116466,0.31029116465863454,0.3228915662650602,0.37126004016064257,0.3264558232931727
PEDAP/83,0.3767570281124498,0.3043925702811245,0.298820281124498,0.20958835341365462,0.36081827309236947,0.3732429718875502
PEDAP/84,0.27319277108433737,0.29214357429718874,0.2938002008032129,0.2945783132530121,0.41096887550200806,0.3714859437751004
PEDAP/87,0.24711345381526104,0.4235441767068273,0.21147088353413654,0.2243975903614458,0.26661646586345383,0.23599397590361446
PEDAP/88,0.2979919678714859,0.4265562248995984,0.411495983935743,0.22884036144578312,0.33185240963855417,0.3733935742971887
PEDAP/9,0.2814759036144578,0.3673443775100402,0.35504518072289154,0.25705321285140564,0.3894578313253012,0.30758032128514057
PEDAP/90,0.36430722891566264,0.3357680722891566,0.38802710843373495,0.2696536144578313,0.33222891566265056,0.29021084337349395
PEDAP/91,0.3405371485943775,0.2711596385542168,0.15386546184738956,0.3131024096385542,0.37607931726907634,0.4391566265060241
PEDAP/93,0.38127510040160645,0.4641566265060241,0.47407128514056224,0.32818775100401604,0.39031124497991965,0.39605923694779116
PEDAP/94,0.3223644578313253,0.28230421686746987,0.436495983935743,0.2819277108433735,0.3503263052208835,0.32532630522088357
PEDAP/95,0.3599899598393574,0.452359437751004,0.30758032128514057,0.32469879518072287,0.432254016064257,0.31960341365461853
PEDAP/99,0.3234437751004016,0.34545682730923694,0.3030120481927711,0.19806726907630523,0.4042921686746988,0.26671686746987955
ReplaceBG/101,0.38478915662650603,0.3113704819277109,0.27999497991967875,0.2785642570281125,0.3690512048192771,0.22447289156626507
ReplaceBG/102,0.283609437751004,0.2737449799196787,0.13862951807228915,0.20858433734939757,0.4066265060240964,0.16578815261044177
ReplaceBG/103,0.41275100401606424,0.36403112449799196,0.33308232931726905,0.39610943775100405,0.3147841365461847,0.27580321285140563
ReplaceBG/106,0.4079819277108434,0.3692520080321285,0.4209086345381526,0.41485943775100403,0.36659136546184734,0.255070281124498
ReplaceBG/109,0.44583333333333336,0.26581325301204817,0.27013052208835336,0.4863704819277109,0.4908132530120482,0.2419929718875502
ReplaceBG/110,0.2806726907630522,0.17040662650602412,0.18674698795180725,0.28054718875502005,0.35865963855421684,0.21538654618473896
ReplaceBG/111,0.26059236947791165,0.3112700803212851,0.25630020080321286,0.26400602409638557,0.343925702811245,0.28355923694779117
ReplaceBG/112,0.40650100401606426,0.3561495983935743,0.29944779116465864,0.3705321285140562,0.40539658634538156,0.3230421686746988
ReplaceBG/115,0.3416666666666667,0.26556224899598396,0.3269829317269076,0.21875,0.2812751004016064,0.21498493975903615
ReplaceBG/116,0.3141064257028113,0.26583835341365464,0.20584839357429718,0.3317520080321285,0.33569277108433737,0.177535140562249
ReplaceBG/118,0.35650100401606427,0.21340361445783132,0.2031124497991968,0.31566265060240967,0.42409638554216866,0.34841867469879517
ReplaceBG/119,0.38089859437751006,0.2619728915662651,0.36164658634538155,0.38079819277108434,0.4307730923694779,0.2391817269076305
ReplaceBG/123,0.4033383534136546,0.25524598393574294,0.31129518072289153,0.3480421686746988,0.39558232931726905,0.2745481927710844
ReplaceBG/124,0.4182479919678715,0.3381777108433735,0.2885793172690763,0.34839357429718876,0.455245983935743,0.31142068273092366
ReplaceBG/127,0.35715361445783134,0.3596636546184739,0.29036144578313255,0.25170682730923694,0.3908383534136546,0.3122238955823293
ReplaceBG/129,0.170281124497992,0.4053714859437751,0.19028614457831325,0.18478915662650602,0.45180722891566266,0.33885542168674704
ReplaceBG/130,0.15168172690763052,0.19304718875502008,0.06342871485943775,0.139031124497992,0.41945281124497996,0.29199297188755025
ReplaceBG/134,0.0293925702811245,0.29382530120481926,0.012826305220883535,0.031224899598393578,0.36275100401606425,0.1001004016064257
ReplaceBG/135,0.36408132530120485,0.1839106425702811,0.16224899598393575,0.30956325301204823,0.35712851405622487,0.22228915662650603
ReplaceBG/136,0.3146335341365462,0.31900100401606424,0.32123493975903616,0.2711847389558233,0.4286395582329317,0.4234437751004016
ReplaceBG/137,0.33323293172690766,0.3798694779116466,0.3762299196787149,0.34001004016064257,0.42944277108433737,0.3139558232931727
ReplaceBG/138,0.4058483935742972,0.2668172690763052,0.3337349397590362,0.3918172690763052,0.3462600401606426,0.3298694779116466
ReplaceBG/139,0.30200803212851407,0.2844377510040161,0.21935240963855424,0.41443273092369476,0.2960843373493976,0.2543674698795181
ReplaceBG/14,0.3053714859437751,0.3673694779116466,0.39244477911646586,0.41754518072289154,0.31184738955823293,0.22286646586345382
ReplaceBG/140,0.3702560240963855,0.3626004016064257,0.36239959839357433,0.3730672690763052,0.4506526104417671,0.3803714859437751
ReplaceBG/141,0.3670682730923695,0.4480923694779116,0.3987198795180723,0.3430220883534137,0.4393825301204819,0.42279116465863453
ReplaceBG/145,0.27246485943775095,0.4068022088353414,0.3357178714859438,0.2788152610441767,0.33679718875502007,0.2528363453815261
ReplaceBG/146,0.3317520080321285,0.29663654618473895,0.20178212851405625,0.26875,0.36194779116465864,0.2837098393574297
ReplaceBG/148,0.20685240963855422,0.26428212851405625,0.4016566265060241,0.20589859437751007,0.33995983935742974,0.24560742971887548
ReplaceBG/149,0.38195281124497993,0.503890562248996,0.4952058232931727,0.33155120481927713,0.4064759036144578,0.37467369477911644
ReplaceBG/15,0.24196787148594376,0.30682730923694784,0.16099397590361444,0.22251506024096385,0.29272088353413656,0.14497991967871485
ReplaceBG/152,0.4055220883534137,0.5055471887550201,0.5246987951807228,0.3137299196787149,0.43970883534136546,0.3158132530120482
ReplaceBG/155,0.41907630522088357,0.5019076305220883,0.4382279116465863,0.3741716867469879,0.4832078313253012,0.3099397590361446
ReplaceBG/156,0.16837349397590362,0.12105923694779117,0.0196285140562249,0.14676204819277108,0.3833835341365462,0.07043172690763051
ReplaceBG/158,0.2809738955823293,0.26721887550200807,0.23376004016064256,0.3394578313253012,0.3967620481927711,0.15961345381526104
ReplaceBG/16,0.31119477911646587,0.4521586345381526,0.24490461847389558,0.23381024096385544,0.492394578313253,0.26383032128514056
ReplaceBG/160,0.24274598393574298,0.24784136546184737,0.26985441767068274,0.3308483935742972,0.286495983935743,0.22791164658634538
ReplaceBG/163,0.31777108433734935,0.2814759036144578,0.2370230923694779,0.26147088353413656,0.26295180722891565,0.23029618473895583
ReplaceBG/164,0.23998493975903615,0.277183734939759,0.3601154618473895,0.2177710843373494,0.34846887550200806,0.20579819277108433
ReplaceBG/165,0.39455321285140565,0.48985943775100405,0.36744477911646584,0.4868975903614458,0.4109437751004016,0.2916917670682731
ReplaceBG/166,0.32206325301204813,0.21982931726907629,0.2515562248995984,0.29108935742971886,0.44934738955823295,0.27474899598393576
ReplaceBG/17,0.3690763052208835,0.2757781124497992,0.35514558232931726,0.28747489959839356,0.45863453815261046,0.31621485943775096
ReplaceBG/171,0.48815261044176705,0.48305722891566266,0.32552710843373495,0.3357680722891566,0.5129518072289156,0.25138052208835343
ReplaceBG/173,0.3733684738955823,0.28950803212851406,0.2344628514056225,0.3082078313253012,0.45476907630522084,0.2533132530120482
ReplaceBG/174,0.31262550200803213,0.17833835341365462,0.17018072289156627,0.23406124497991967,0.3753514056224899,0.20434236947791165
ReplaceBG/175,0.3141064257028113,0.4090863453815261,0.38481425702811245,0.308433734939759,0.4229919678714859,0.3335843373493976
ReplaceBG/176,0.3892319277108434,0.2858684738955823,0.3198544176706827,0.3758283132530121,0.42452309236947794,0.2653112449799197
ReplaceBG/179,0.4517319277108434,0.33077309236947794,0.3060240963855422,0.42838855421686745,0.3775602409638554,0.23697289156626505
ReplaceBG/18,0.354894578313253,0.17341867469879518,0.19671184738955821,0.4095632530120482,0.26721887550200807,0.21322791164658636
ReplaceBG/181,0.33200301204819277,0.2852409638554217,0.3080321285140562,0.36757028112449797,0.38488955823293175,0.30230923694779116
ReplaceBG/183,0.34917168674698795,0.3686244979919679,0.27324297188755015,0.29505522088353414,0.3710090361445783,0.3040160642570281
ReplaceBG/185,0.24884538152610441,0.32914156626506025,0.14849397590361446,0.28310742971887554,0.3204066265060241,0.22595381526104416
ReplaceBG/186,0.057003012048192775,0.1847389558232932,0.09347389558232931,0.061044176706827304,0.28825301204819276,0.26031626506024097
ReplaceBG/188,0.2904116465863454,0.23709839357429718,0.12382028112449799,0.28195281124497995,0.37630522088353413,0.26069277108433736
ReplaceBG/189,0.41420682730923697,0.2273343373493976,0.3009287148594378,0.4159136546184739,0.3663403614457831,0.3122991967871486
ReplaceBG/19,0.31147088353413654,0.24643574297188756,0.3259538152610442,0.38167670682730925,0.29967369477911643,0.3609186746987952
ReplaceBG/193,0.42005522088353414,0.28014558232931724,0.343574297188755,0.46270080321285145,0.4274347389558233,0.22535140562248998
ReplaceBG/197,0.3028614457831325,0.32309236947791165,0.3186495983935743,0.314859437751004,0.41302710843373497,0.3090863453815261
ReplaceBG/198,0.24380020080321285,0.29897088353413653,0.15293674698795182,0.24231927710843373,0.4400100401606426,0.22231425702811244
ReplaceBG/2,0.42926706827309236,0.28629518072289156,0.16428212851405624,0.33870481927710844,0.4025853413654618,0.3240712851405622
ReplaceBG/20,0.3023343373493976,0.1707078313253012,0.12984437751004016,0.25308734939759037,0.5250753012048193,0.21965361445783133
ReplaceBG/201,0.40386546184738953,0.3045180722891566,0.2817018072289157,0.271636546184739,0.39495481927710846,0.24646084337349397
ReplaceBG/203,0.41242469879518073,0.40170682730923696,0.31681726907630525,0.4507781124497992,0.40308734939759033,0.31152108433734943
ReplaceBG/205,0.4121987951807229,0.28250502008032125,0.31987951807228915,0.32437248995983936,0.24036144578313254,0.2764558232931727
ReplaceBG/206,0.30584839357429716,0.37833835341365457,0.2821285140562249,0.30863453815261044,0.38288152610441767,0.3345381526104418
ReplaceBG/209,0.336495983935743,0.33677208835341366,0.18893072289156626,0.28574297188755016,0.42055722891566266,0.2978664658634538
ReplaceBG/21,0.39688755020080324,0.2639056224899598,0.21405622489959839,0.3781375502008032,0.41890060240963856,0.22863955823293172
ReplaceBG/211,0.3159638554216867,0.4555220883534137,0.2836847389558233,0.31029116465863454,0.39076305220883534,0.2960843373493976
ReplaceBG/213,0.3583835341365462,0.30030120481927713,0.23792670682730926,0.3342620481927711,0.43468875502008036,0.24741465863453815
ReplaceBG/214,0.34026104417670683,0.2735943775100402,0.2735441767068273,0.2819277108433735,0.30261044176706825,0.20411646586345383
ReplaceBG/215,0.3217118473895582,0.2253765060240964,0.23132530120481928,0.33002008032128516,0.33393574297188755,0.175
ReplaceBG/218,0.33679718875502007,0.2515813253012048,0.20338855421686747,0.2774096385542169,0.3165160642570281,0.37648092369477915
ReplaceBG/219,0.4,0.38993473895582326,0.5012801204819277,0.3465361445783133,0.33423694779116464,0.32100903614457826
ReplaceBG/220,0.2821034136546185,0.40366465863453815,0.22991967871485944,0.28355923694779117,0.43566767068273093,0.343574297188755
ReplaceBG/222,0.2966616465863454,0.15517068273092371,0.06342871485943775,0.2504016064257028,0.38082329317269076,0.14806726907630524
ReplaceBG/224,0.23481425702811246,0.26621485943775103,0.10391566265060241,0.1968624497991968,0.2644829317269076,0.273644578313253
ReplaceBG/227,0.2687248995983936,0.5110441767068273,0.39633534136546184,0.26616465863453814,0.49628514056224904,0.2552208835341366
ReplaceBG/228,0.2991967871485944,0.34405120481927715,0.21779618473895584,0.30022590361445783,0.4794929718875502,0.2740712851405622
ReplaceBG/229,0.3314006024096386,0.36869979919678714,0.24091365461847392,0.30316265060240966,0.43376004016064257,0.35233433734939756
ReplaceBG/23,0.25692771084337346,0.27876506024096387,0.11179718875502008,0.24332329317269077,0.403363453815261,0.3268323293172691
ReplaceBG/231,0.34472891566265057,0.4222138554216867,0.33265562248995983,0.26955321285140565,0.32397088353413656,0.36106927710843373
ReplaceBG/232,0.37166164658634543,0.3152861445783133,0.41440763052208834,0.324824297188755,0.45660140562248996,0.3282379518072289
ReplaceBG/234,0.3171937751004016,0.29066265060240964,0.27384538152610444,0.2685240963855422,0.3638052208835341,0.28832831325301206
ReplaceBG/235,0.2346636546184739,0.353363453815261,0.4458584337349398,0.2191265060240964,0.36101907630522084,0.3327560240963855
ReplaceBG/24,0.3549949799196787,0.31749497991967873,0.2980923694779117,0.2640562248995984,0.3655371485943775,0.3093875502008032
ReplaceBG/241,0.3080572289156626,0.3045933734939759,0.33210341365461843,0.3621987951807229,0.4993222891566265,0.3320281124497992
ReplaceBG/243,0.36834839357429716,0.37198795180722893,0.40923694779116465,0.2616214859437751,0.4291917670682731,0.32788654618473895
ReplaceBG/244,0.3861696787148594,0.35562248995983936,0.38443775100401606,0.33145080321285136,0.4054718875502008,0.3333584337349398
ReplaceBG/245,0.3484437751004016,0.2876506024096386,0.332956827309237,0.34864457831325296,0.31001506024096387,0.2406375502008032
ReplaceBG/246,0.3582329317269076,0.2665160642570281,0.2948293172690763,0.3009287148594378,0.3189759036144578,0.3870481927710844
ReplaceBG/248,0.23333333333333334,0.3257781124497992,0.32028112449799195,0.22683232931726907,0.3821285140562249,0.31895080321285146
ReplaceBG/249,0.4058734939759036,0.4071285140562249,0.4270331325301205,0.31877510040160645,0.39962349397590363,0.3534136546184739
ReplaceBG/250,0.33185240963855417,0.25677710843373497,0.2604166666666667,0.3210090361445783,0.32274096385542167,0.3166917670682731
ReplaceBG/251,0.32643072289156627,0.36164658634538155,0.13933232931726908,0.3420933734939759,0.401004016064257,0.2394578313253012
ReplaceBG/253,0.3386044176706827,0.42028112449799193,0.2495230923694779,0.2647590361445783,0.4582831325301205,0.2755522088353414
ReplaceBG/256,0.37319277108433735,0.23082329317269076,0.2861194779116466,0.35311244979919676,0.3538152610441767,0.30710341365461846
ReplaceBG/258,0.2653112449799197,0.33403614457831327,0.1358182730923695,0.2464859437751004,0.4524598393574297,0.14319779116465864
ReplaceBG/263,0.31335341365461844,0.3534136546184739,0.31531124497991964,0.3614457831325301,0.4688002008032129,0.2973142570281125
ReplaceBG/269,0.28014558232931724,0.23930722891566264,0.23888052208835342,0.25386546184738956,0.3707078313253012,0.3429969879518072
ReplaceBG/27,0.3422941767068273,0.41498493975903616,0.48988453815261046,0.3234939759036145,0.3975652610441767,0.25911144578313255
ReplaceBG/271,0.38300702811244974,0.34038654618473896,0.2329066265060241,0.3964859437751004,0.3745481927710843,0.309789156626506
ReplaceBG/272,0.2780120481927711,0.3443022088353414,0.12203815261044176,0.16641566265060243,0.49136546184738955,0.21443273092369478
ReplaceBG/273,0.28940763052208834,0.29866967871485944,0.22095883534136546,0.3588604417670683,0.3786646586345382,0.26139558232931726
ReplaceBG/274,0.27100903614457833,0.1717871485943775,0.09071285140562249,0.36880020080321285,0.32818775100401604,0.24643574297188756
ReplaceBG/275,0.2786897590361446,0.24269578313253012,0.26187248995983936,0.2781124497991968,0.36079317269076305,0.23604417670682729
ReplaceBG/276,0.2512801204819277,0.4214357429718875,0.17708333333333334,0.2663654618473896,0.4383283132530121,0.35394076305220884
ReplaceBG/277,0.30973895582329314,0.3700301204819277,0.2423694779116466,0.2806977911646586,0.43586847389558236,0.4055722891566265
ReplaceBG/278,0.4126004016064257,0.3601656626506024,0.32065763052208834,0.32073293172690764,0.41681726907630523,0.4071285140562249
ReplaceBG/280,0.39116465863453814,0.3900100401606426,0.43483935742971885,0.368925702811245,0.3792921686746988,0.24445281124497992
ReplaceBG/283,0.4076305220883534,0.15532128514056223,0.19006024096385543,0.37961847389558234,0.2772088353413655,0.2481676706827309
ReplaceBG/284,0.37530120481927715,0.29367469879518077,0.23627008032128513,0.33980923694779114,0.3796184738955823,0.24836847389558234
ReplaceBG/285,0.3878765060240964,0.3532379518072289,0.3987198795180723,0.34282128514056226,0.39879518072289155,0.36410642570281126
ReplaceBG/287,0.3068022088353414,0.23900602409638555,0.2535642570281124,0.3595381526104418,0.36403112449799196,0.3569026104417671
ReplaceBG/288,0.3454317269076305,0.29254518072289154,0.2723644578313253,0.3298694779116466,0.3758283132530121,0.35604919678714864
ReplaceBG/290,0.3979417670682731,0.34754016064257026,0.42715863453815256,0.392394578313253,0.5093122489959839,0.2841867469879518
ReplaceBG/291,0.424824297188755,0.3612951807228916,0.34711345381526104,0.330245983935743,0.4611194779116466,0.22856425702811245
ReplaceBG/3,0.40901104417670686,0.20740461847389557,0.2799698795180723,0.3710090361445783,0.4991716867469879,0.3581576305220883
ReplaceBG/30,0.39206827309236947,0.2313504016064257,0.36229919678714856,0.3641817269076305,0.31571285140562255,0.17934236947791163
ReplaceBG/31,0.42527610441767066,0.3149347389558233,0.38125,0.31413152610441764,0.45042670682730923,0.38167670682730925
ReplaceBG/32,0.41403112449799195,0.35042670682730925,0.2415913654618474,0.36224899598393573,0.42964357429718875,0.2520833333333333
ReplaceBG/33,0.36285140562248996,0.28428714859437754,0.3502761044176707,0.28157630522088356,0.3308483935742972,0.18918172690763052
ReplaceBG/35,0.3887801204819277,0.29427710843373495,0.2834086345381526,0.4151355421686747,0.37113453815261044,0.33634538152610444
ReplaceBG/36,0.29713855421686747,0.2827058232931727,0.3164909638554217,0.27633032128514057,0.32510040160642567,0.24646084337349397
ReplaceBG/37,0.3883032128514056,0.32284136546184733,0.3610441767068273,0.29718875502008035,0.3684738955823293,0.2906877510040161
ReplaceBG/38,0.35346385542168673,0.34467871485943774,0.24412650602409638,0.37994477911646585,0.47730923694779115,0.3888805220883534
ReplaceBG/41,0.2932228915662651,0.2552710843373494,0.23815261044176708,0.25301204819277107,0.3637801204819277,0.2684487951807229
ReplaceBG/42,0.4114457831325301,0.3459086345381526,0.31799698795180725,0.4031375502008032,0.46448293172690763,0.30988955823293174
ReplaceBG/46,0.3637299196787149,0.2840612449799197,0.29866967871485944,0.29791666666666666,0.3827309236947791,0.30755522088353415
ReplaceBG/48,0.3554718875502008,0.23780120481927713,0.34349899598393574,0.32316767068273095,0.4297690763052209,0.22146084337349398
ReplaceBG/49,0.3678212851405622,0.28014558232931724,0.30745481927710844,0.31546184738955824,0.4343875502008032,0.35035140562248995
ReplaceBG/5,0.4113955823293173,0.43893072289156626,0.2743222891566265,0.42424698795180726,0.44249497991967873,0.3358684738955823
ReplaceBG/50,0.35115461847389556,0.4226907630522089,0.4688253012048193,0.30750502008032127,0.41129518072289156,0.33883032128514057
ReplaceBG/52,0.22143574297188756,0.3372740963855422,0.44098895582329317,0.23913152610441768,0.4061997991967871,0.24103915662650602
ReplaceBG/53,0.31197289156626506,0.18509036144578314,0.2077309236947791,0.2932981927710843,0.3067520080321285,0.16734437751004017
ReplaceBG/54,0.3388805220883534,0.22321787148594377,0.3141064257028113,0.2916164658634538,0.36566265060240966,0.3960341365461847
ReplaceBG/57,0.38551706827309234,0.323293172690763,0.2723895582329317,0.3259789156626506,0.33551706827309236,0.33150100401606425
ReplaceBG/58,0.31531124497991964,0.27382028112449797,0.2177710843373494,0.2843875502008032,0.30042670682730926,0.24786646586345382
ReplaceBG/61,0.36277610441767066,0.19380020080321284,0.30371485943775095,0.3848644578313253,0.31623995983935743,0.2364206827309237
ReplaceBG/64,0.2941265060240964,0.17238955823293173,0.2609437751004016,0.27572791164658633,0.43920682730923694,0.3582329317269076
ReplaceBG/65,0.355070281124498,0.26257530120481926,0.3053965863453815,0.35913654618473895,0.5230170682730924,0.3574799196787149
ReplaceBG/67,0.17286646586345383,0.2930722891566265,0.189683734939759,0.23187751004016063,0.4237951807228916,0.3461847389558233
ReplaceBG/68,0.21867469879518073,0.2871987951807229,0.18883032128514057,0.1789909638554217,0.2767319277108434,0.3532379518072289
ReplaceBG/69,0.24573293172690763,0.3246736947791165,0.20747991967871485,0.26588855421686747,0.47776104417670684,0.20680220883534134
ReplaceBG/7,0.2876255020080321,0.2748493975903614,0.26400602409638557,0.3441265060240964,0.46671686746987956,0.364206827309237
ReplaceBG/72,0.28920682730923697,0.26822289156626505,0.09683734939759035,0.19738955823293172,0.35622489959839354,0.23709839357429718
ReplaceBG/73,0.255245983935743,0.3271586345381526,0.19272088353413655,0.2787399598393574,0.4405622489959839,0.509613453815261
ReplaceBG/74,0.34194277108433735,0.37964357429718876,0.38109939759036143,0.22213855421686748,0.3555722891566265,0.17532630522088352
ReplaceBG/76,0.3898845381526105,0.17366967871485942,0.18719879518072288,0.3555722891566265,0.285316265060241,0.24332329317269077
ReplaceBG/77,0.3406124497991968,0.1662901606425703,0.13004518072289156,0.30873493975903615,0.3702309236947791,0.29789156626506025
ReplaceBG/78,0.29076305220883536,0.41854919678714864,0.33022088353413653,0.3305973895582329,0.3208835341365462,0.2868473895582329
ReplaceBG/79,0.3072289156626506,0.32271586345381525,0.26099397590361445,0.23965863453815262,0.4507781124497992,0.35931224899598396
ReplaceBG/80,0.15532128514056223,0.21684236947791163,0.09909638554216868,0.15218373493975904,0.3149598393574297,0.25431726907630525
ReplaceBG/87,0.315386546184739,0.17575301204819277,0.14701305220883534,0.34149096385542166,0.40956325301204816,0.2415160642570281
ReplaceBG/91,0.35238453815261045,0.201531124497992,0.11997991967871485,0.3234437751004016,0.37118473895582327,0.2777359437751004
ReplaceBG/93,0.4011044176706828,0.2642319277108434,0.22467369477911647,0.4001004016064257,0.35153112449799195,0.14631024096385542
ReplaceBG/95,0.34021084337349394,0.3396586345381526,0.23732429718875503,0.3890562248995984,0.3818022088353414,0.28328313253012044
ReplaceBG/96,0.33355923694779116,0.3454066265060241,0.3485943775100402,0.29518072289156627,0.46867469879518076,0.3292670682730924
ReplaceBG/98,0.31498493975903613,0.2254016064257028,0.08107429718875502,0.2661144578313253,0.43579317269076306,0.25665160642570284
T1D-UOM/2301,0.3248995983935743,0.27341867469879516,0.139859437751004,0.2997991967871486,0.4182730923694779,0.3888805220883534
T1D-UOM/2304,0.32936746987951804,0.31699297188755016,0.1558483935742972,0.37377008032128517,0.30572289156626503,0.33920682730923696
T1D-UOM/2308,0.2502761044176707,0.2630773092369478,0.17816265060240963,0.21423192771084337,0.3431726907630522,0.31623995983935743
T1D-UOM/2309,0.28692269076305216,0.14176706827309238,0.16880020080321284,0.2976154618473895,0.31074297188755023,0.30326305220883537
T1D-UOM/2310,0.2969126506024097,0.30953815261044176,0.1289909638554217,0.25783132530120484,0.5605421686746989,0.31217369477911644
T1D-UOM/2313,0.2860441767068273,0.1806726907630522,0.2676957831325301,0.33632028112449797,0.4583082329317269,0.24342369477911646
