id,all__level,all__shape,all__raw,all__quantile,all__acf,all__spectrum
AZT1D/11,0.2300000031789144,0.19333333695928256,0.2033333361148834,0.20000000298023224,0.33333333507180213,0.30333333760499953
AZT1D/13,0.26000000511606536,0.16000000139077505,0.033333333830038704,0.23000000442067783,0.37666666905085244,0.25333333710829414
AZT1D/14,0.1033333346247673,0.40333333536982535,0.06666666766007741,0.09333333447575569,0.2666666696468989,0.2333333373069763
AZT1D/15,0.2600000056127707,0.31333333601554236,0.44000000481804213,0.2900000035762787,0.48000000094374023,0.470000002036492
AZT1D/16,0.3866666746636232,0.28666667093833287,0.30666667222976685,0.30333333611488345,0.3833333345750968,0.3866666687031587
AZT1D/19,0.2566666719814142,0.1933333364625772,0.1000000017384688,0.2533333400885264,0.4000000022351742,0.30000000322858494
AZT1D/2,0.290000003327926,0.22666667103767396,0.1966666693488757,0.24333333695928255,0.3700000022848447,0.2966666705906391
AZT1D/20,0.27666667302449544,0.2266666683057944,0.1633333367606004,0.32666667103767394,0.3133333347737789,0.3933333377043406
AZT1D/4,0.1600000036259492,0.10333333512147268,0.0800000011920929,0.13666666770974795,0.270000001291434,0.20666667098800343
AZT1D/6,0.25333333735664687,0.1333333358168602,0.06333333452542624,0.20666667098800343,0.383333337555329,0.370000005265077
AZT1D/7,0.3233333396414916,0.3133333347737789,0.2233333376546701,0.2700000042716662,0.44333333770434064,0.43333333879709246
BrisT1D/P02,0.33589744170506797,0.30512821425994235,0.39487180213133494,0.25641026298205055,0.443589752415816,0.3256410335501035
BrisT1D/P03,0.3615384707848231,0.5205128314594428,0.4769230902194977,0.3846153947214285,0.3974359062810739,0.3205128267407417
BrisT1D/P04,0.3000000091890494,0.3871794966359933,0.2666666721304258,0.35897436887025835,0.4794871903955936,0.4179487275580565
BrisT1D/P07,0.3974359057843685,0.25128205542763077,0.3179487235844135,0.35384616429607074,0.36666667585571605,0.3179487253228823
BrisT1D/P10,0.20256410762667656,0.4717948796848456,0.09743589883049329,0.13076923390229542,0.20512820879618326,0.16923077429334324
BrisT1D/P11,0.43076924259463945,0.5435897509256998,0.43333334450920424,0.3333333395421505,0.48461539472142856,0.43333334450920424
BrisT1D/P12,0.4128205269575119,0.18974359333515167,0.16153846432765326,0.3487179562449455,0.3076923151810964,0.3051282102862994
BrisT1D/P15,0.43589744716882706,0.4410256505012512,0.5230769323805968,0.41538462539513904,0.48205129280686376,0.3282051349679629
BrisT1D/P16,0.2025641071299712,0.3384615461031596,0.11538461819291115,0.21794872085253397,0.38205129057168963,0.24871795425812404
BrisT1D/P18,0.28717949440081914,0.37692308276891706,0.4435897499322891,0.31025641510883967,0.38461539074778556,0.31025641759236655
BrisT1D/P19,0.39230770121018094,0.23589743996659915,0.22820513372619947,0.34358975241581596,0.3000000067055225,0.31282051975528397
BrisT1D/P22,0.364102574189504,0.2974359060327212,0.2871794934074084,0.2717948784430822,0.4897436000406742,0.40256410812338195
BrisT1D/P23,0.4025641125937303,0.4487179569900036,0.5358974461754163,0.2153846209247907,0.41025641759236653,0.5948718041181564
BrisT1D/P24,0.38205129181345304,0.35897436837355295,0.2692307765285174,0.3769230842590332,0.3615384687980016,0.40769231766462327
CTR3/11,0.3435897514224052,0.464102574189504,0.20000000596046447,0.34358974918723106,0.49230770021677017,0.3051282102862994
CTR3/14,0.2666666713853677,0.38461539248625437,0.5615384700397651,0.2974359020590782,0.37179488117496173,0.32564103131492933
CTR3/15,0.5153846263885498,0.3153846234083176,0.23333334003885586,0.4564102639754613,0.49743590876460075,0.3948718036214511
CTR3/16,0.3410256470243136,0.28205128808816277,0.34102564975619315,0.37948718667030334,0.4282051372031371,0.36666667784253754
CTR3/17,0.3564102622369925,0.38461539323131244,0.37948718791206676,0.3153846226632595,0.34871795723835625,0.31282052050034204
CTR3/18,0.4564102684458097,0.2769230832656225,0.19230769847830137,0.4512820616364479,0.43846154510974883,0.41794872706135117
CTR3/19,0.44615385333697,0.2589743656416734,0.12051282475392024,0.28205128783981004,0.5025641133387884,0.37435898259282113
CTR3/20,0.47179488390684127,0.6076923189063866,0.5282051416734854,0.3615384712815285,0.3282051349679629,0.2974359020590782
CTR3/27,0.4333333430190881,0.31025641759236655,0.32820513620972636,0.44615385457873347,0.42051283121109007,0.3615384687980016
CTR3/29,0.4948718095819155,0.29743590330084163,0.33589744245012604,0.4666666775941849,0.4230769298970699,0.4000000069538752
CTR3/3,0.4153846211731434,0.34358974993228913,0.34871795649329823,0.35641026397546133,0.42820513620972633,0.4307692403594653
CTR3/4,0.448717958231767,0.3410256472726663,0.27179487720131873,0.5000000109275182,0.4794871898988883,0.33589744518200554
CTR3/5,0.48461539621154465,0.4128205192585786,0.3794871876637141,0.4384615488350391,0.34615385507543883,0.38974359780550005
CTR3/8,0.3820512890815735,0.4487179564932982,0.33076923762758575,0.33589744195342064,0.4102564200758934,0.4384615475932757
DCLP3/10,0.3801801807557543,0.2216216194132964,0.15585585621496043,0.25795795675367117,0.3477477436264356,0.24624624562760195
DCLP3/100,0.45345345145712296,0.3345345330114166,0.3342342322071393,0.4225225197772185,0.4210210197294752,0.4174174196397265
DCLP3/102,0.2831831826517979,0.4621621596937378,0.36006005890667436,0.4024024022122224,0.5108108125627041,0.3795795787125826
DCLP3/105,0.47702702408035597,0.4639639594281713,0.4630630630378922,0.4165165153021614,0.44474474315841994,0.5729729690899451
DCLP3/111,0.35705705483754474,0.3348348330085476,0.36696696697423853,0.28888888626048964,0.474174171499908,0.45915915556252
DCLP3/114,0.4021020993590355,0.37747747655957936,0.45075074744721255,0.34384384471923113,0.4669669635593891,0.4003002971410751
DCLP3/115,0.3516516496737798,0.27807807630548875,0.4309309315557281,0.2504504503061374,0.4453453407933315,0.27837837717185415
DCLP3/116,0.40930930723746617,0.3945945947741469,0.34504504160334665,0.37267267194887005,0.3879879876971245,0.3552552572141091
DCLP3/117,0.4093093073616425,0.42102101935694614,0.37447447472562395,0.37267267033457757,0.5405405380452672,0.40330330083767574
DCLP3/118,0.2891891905417045,0.4009008993705114,0.1552552533025543,0.29219218976795674,0.39729729648679496,0.34804804529994726
DCLP3/120,0.3600600586583217,0.45195194855332377,0.3699699698636929,0.2474474472925067,0.47867867959042393,0.46396396110455196
DCLP3/121,0.360060058782498,0.39339339596529804,0.42522522242118915,0.32582582539568344,0.48918918569882713,0.21651651685436565
DCLP3/122,0.42402401988705,0.2645645645757516,0.3411411402126153,0.29909909615914027,0.3990990958486994,0.3564564537877838
DCLP3/123,0.3792792779703935,0.4255255274474621,0.26906906546403964,0.31891891863197086,0.5450450415412585,0.47927928405503434
DCLP3/126,0.256156156770885,0.300300299624602,0.09669669605791568,0.1744744726146261,0.4342342343181372,0.203003002392749
DCLP3/128,0.38468468381712834,0.25435435250401495,0.14564564495037,0.3837837872405847,0.2993994005024433,0.2759759777535995
DCLP3/129,0.35165164843201635,0.32462462509671847,0.36336335986852647,0.3672672674059868,0.4663663629442453,0.36486486823608477
DCLP3/13,0.4021021002282699,0.33453453375647463,0.2057057057817777,0.3963963945085804,0.4189189217984676,0.32912912828226887
DCLP3/130,0.36756756907949845,0.2930930939813455,0.21891891714185477,0.38858858483533065,0.43063062727451323,0.33993994308014713
DCLP3/132,0.34984984795252483,0.3728228251139323,0.31561561406900485,0.29849849361926317,0.37237236791600786,0.44204204250127077
DCLP3/133,0.34414414384712777,0.4753753797461589,0.22222222263614336,0.37537537279228367,0.3555555528650681,0.35075074968238673
DCLP3/134,0.37357357144355774,0.3930930915599068,0.24294294367233912,0.37867867449919385,0.4828828827788432,0.3102102106437087
DCLP3/135,0.2603603594005108,0.38288288097828627,0.09549549557268619,0.2555555560315649,0.33843843744446833,0.21831832012782496
DCLP3/137,0.15765765694280465,0.4069069057703018,0.11291291192173958,0.19549549793203672,0.393393391619126,0.25285285090406734
DCLP3/138,0.2693693696831663,0.324324322057267,0.1771771783630053,0.20300300139933825,0.3354354335616032,0.23513513344029585
DCLP3/14,0.33213213346898557,0.19849849864840508,0.08948948960751295,0.3618618610625466,0.4249249229207635,0.3162162140632669
DCLP3/141,0.3057057050367196,0.3243243241061767,0.2954954920957486,0.36486486413826547,0.4894894894833366,0.3756756731619438
DCLP3/142,0.34864865398655337,0.31921922067801156,0.3330330297971765,0.39069068940977253,0.41021020772556466,0.3789789774765571
DCLP3/143,0.3163663682217399,0.5390390391151111,0.3222222206493219,0.3480480489010612,0.3951951935887337,0.41681681455423436
DCLP3/144,0.4087087053184708,0.32972973231226205,0.31951951794326305,0.34624624643474816,0.47297297393282256,0.45345345983902613
DCLP3/145,0.3744744725525379,0.2828828822200497,0.20510510404904683,0.37987988168994585,0.44474474315841994,0.43003002665936946
DCLP3/147,0.5072072022904952,0.40120119725664455,0.3147147128979365,0.403303299844265,0.48498498102029164,0.35735735843578975
DCLP3/148,0.3813813779503107,0.3651651651908954,0.42972972672432663,0.31261261211087304,0.4555555548518896,0.48588588858644166
DCLP3/149,0.45525525013605755,0.29339339410265286,0.18498498518019915,0.289489487806956,0.39309308926264447,0.4291291314487656
DCLP3/15,0.13963963966816664,0.18108108211308718,0.04564564575751622,0.1276276282966137,0.3783783762405316,0.3513513473172983
DCLP3/150,0.3978978982195258,0.369069068133831,0.5054054008796811,0.3417417390272021,0.5219219215214252,0.38228228179117046
DCLP3/153,0.3837837810317675,0.40540540404617786,0.3357357334345579,0.30750750725468,0.44324324230353035,0.32402401870737474
DCLP3/154,0.4708708746979634,0.34504504775007566,0.3990991006294886,0.3618618646015724,0.354354350703458,0.3327327311659853
DCLP3/155,0.45405405188600223,0.40870870581517615,0.3600600571061174,0.41141141143937904,0.4102102087189754,0.3834834796686967
DCLP3/157,0.3276276243850589,0.4345345379784703,0.26636636468271413,0.31171170982221763,0.4129129108041525,0.39669669705132643
DCLP3/158,0.4232732710738977,0.3987987998252114,0.3219219184170167,0.41081080852697294,0.4087087060635289,0.4621621562788884
DCLP3/159,0.1957957951972882,0.49429429589460294,0.09429429365942875,0.24804804908732572,0.37627627812325953,0.2216216215242942
DCLP3/160,0.20810810985664527,0.2888888873780767,0.2663663667316238,0.21831831658879916,0.4519519490500291,0.24864865075796844
DCLP3/162,0.33783783776064713,0.45465465386708576,0.16516516519089539,0.2801801833634575,0.42102101848771173,0.3828828835239013
DCLP3/163,0.38318318432817855,0.2984984997659922,0.2884384390587608,0.4387387332196037,0.39669669376065336,0.39639639637122553
DCLP3/164,0.3454954949518045,0.4471471413349112,0.5432432373364766,0.3897897889216741,0.4294294327497482,0.37327327554424605
DCLP3/165,0.33483483145634335,0.2369369374588132,0.1423423423121373,0.32882882629831633,0.4366366362820069,0.28828828583161037
DCLP3/166,0.3057057042916616,0.3738738692055146,0.30300300288945436,0.36666666393478714,0.3828828820337852,0.2837837828944127
DCLP3/167,0.38978978792826335,0.43123123049736023,0.2990990998223424,0.3858858846748869,0.5003003016114235,0.32222222176690896
DCLP3/168,0.40180180047949154,0.23003002914289633,0.15915915835648775,0.4324324341490865,0.40840840730816125,0.33063062994430464
DCLP3/169,0.3800300257280469,0.31651651617139576,0.26186186000704764,0.3318318348998825,0.4873873899380366,0.3213213205958406
DCLP3/17,0.2696696696182092,0.31441441594312586,0.3495495472724239,0.2588588573038578,0.34504504421104987,0.30630630341668924
DCLP3/171,0.28318318476279575,0.39849849926928677,0.1921921892091632,0.31561561673879623,0.3792792788396279,0.3192192162697514
DCLP3/18,0.29429429341107605,0.32012011694411435,0.41261261322846016,0.2780780764296651,0.4300300272802512,0.3495495486383637
DCLP3/19,0.15765765719115735,0.40510510417322315,0.546246244944632,0.1384384388724963,0.4957957963148753,0.2516516512259841
DCLP3/20,0.3165165137499571,0.39039039028187594,0.2525525536388159,0.2945945942774415,0.5807807859654228,0.3645645641411344
DCLP3/21,0.3372372350965937,0.35045044937481484,0.25105105377733705,0.32222222319493693,0.5225225225711863,0.4105105067292849
DCLP3/22,0.3762762723490596,0.4105105090265473,0.2798798783371846,0.2993993965908885,0.42762762686858574,0.3720720746864875
DCLP3/24,0.35165164930125076,0.50750750725468,0.16636636468271415,0.33093092994143564,0.4435435377061367,0.33693693528572716
DCLP3/25,0.3165165152400732,0.25795796016852063,0.23273273246983686,0.37837837586800255,0.4240240234881639,0.4684684698159496
DCLP3/26,0.3636636621008317,0.32462462428957223,0.3156156123926242,0.316816816230615,0.38708708534638087,0.36276276359955467
DCLP3/28,0.2924924906964103,0.33273273321489494,0.16666666474193334,0.23663663528859616,0.3573573569456736,0.47657657650609814
DCLP3/29,0.37597597390413284,0.35855855581661067,0.2504504512995481,0.3252252221107483,0.44234234386434157,0.3357357349867622
DCLP3/3,0.27807807431866727,0.35405405374864735,0.1819819804901878,0.2591591564317544,0.32822822593152523,0.37717717538277307
DCLP3/31,0.28228228017687795,0.3099099117020766,0.3039039038742582,0.2768768757581711,0.4825825771937768,0.3813813825448354
DCLP3/32,0.39879879777630173,0.4459459443887075,0.23903903824587663,0.40960960735877355,0.4801801780859629,0.46066066523392996
DCLP3/37,0.39459459284941356,0.18948948681354522,0.1885885884364446,0.30630630869418385,0.3522522499784827,0.39429429223140083
DCLP3/38,0.3591591597845157,0.2906906916449467,0.38678678205857675,0.36276276254405576,0.46066065865258377,0.40780780582378306
DCLP3/39,0.4168168159201741,0.2654654654984673,0.2543543526902795,0.2726726700241367,0.41501501152912773,0.35915916233013073
DCLP3/41,0.33123123242209357,0.38168167968591055,0.39309309075276055,0.33153153012196224,0.4219219207763672,0.3243243231748541
DCLP3/43,0.3396396393577258,0.26966966868688663,0.4120120109990239,0.3765765763198336,0.41111111293236413,0.32132131792604923
DCLP3/44,0.4342342357461651,0.4438438429186741,0.5156156189739705,0.39429429496328033,0.4693693721666932,0.41501501326759654
DCLP3/46,0.4198198154568672,0.42012011806170146,0.5036035985375444,0.42252252424756687,0.44084084207812946,0.4189189129819473
DCLP3/47,0.33603603386630615,0.3408408394083381,0.19309309348464013,0.3666666649281979,0.46516516810903946,0.3111111130565405
DCLP3/48,0.27027027097841105,0.3330330333982905,0.15435435380786658,0.27777777692923944,0.5099099103361369,0.4006005975107352
DCLP3/5,0.17597597626348335,0.2828828831513723,0.09909909858057896,0.1612612595781684,0.2540540538728237,0.235735734552145
DCLP3/51,0.3348348324497541,0.5489489443600177,0.5288288277884324,0.30780780824522175,0.3108108093962073,0.24774774989734094
DCLP3/54,0.31861861906945704,0.40780780812104545,0.2507507484406233,0.25555555522441864,0.41081081132094066,0.4741741721828779
DCLP3/55,0.41441441252827643,0.3882882888118426,0.32612612495819726,0.3654654625803232,0.46756756703058877,0.4309309265265862
DCLP3/56,0.3891891869405905,0.2786786784107486,0.3591591609021028,0.39969969590504967,0.4897897891700268,0.37087086706111827
DCLP3/57,0.3600600595275561,0.5909909894069035,0.3915915915121635,0.33273273122807345,0.4468468423932791,0.4129129075755676
DCLP3/58,0.3879879890009761,0.4438438456505537,0.28858858638753493,0.31021020946403344,0.43873873899380367,0.30330330270032085
DCLP3/59,0.30060059850414594,0.40600600267450015,0.4567567540332675,0.2972972974181175,0.4762762773782015,0.3129129112387697
DCLP3/6,0.40630630068480966,0.3432432468359669,0.3855855820700526,0.3363363362227877,0.37867868058383464,0.3483483467871944
DCLP3/60,0.25465465324620407,0.372372371951739,0.14654654587308566,0.2447447434067726,0.46696696653962133,0.3231231232484182
DCLP3/63,0.2999999991307656,0.43873873831083376,0.20990991064657769,0.2606606603289644,0.39429429719845455,0.2486486497024695
DCLP3/64,0.30240240016331277,0.4216216210275888,0.21921921943624814,0.23693693888684114,0.30060060148437817,0.3591591572389007
DCLP3/65,0.3918918917576472,0.33123123124241827,0.27207207288593055,0.29129129474361737,0.4876876875758171,0.3831831833347678
DCLP3/66,0.2480480478455623,0.4615615583956242,0.3087087071811159,0.19069069071362416,0.2732732713222504,0.28798798713833096
DCLP3/67,0.4807807791978121,0.3018018007899324,0.34954955081144967,0.3147147133325537,0.4417417421316107,0.48468468387921654
DCLP3/68,0.32222221946964663,0.3942942928522825,0.22042042103906473,0.3030030056213339,0.42102101898441713,0.4405405399700006
DCLP3/69,0.3930930902560552,0.3681681713089347,0.32732732488463323,0.3441441457718611,0.49729729499667885,0.380780784226954
DCLP3/7,0.37717717662453654,0.2882882885634899,0.35795796047896145,0.30360360617438953,0.42522522310415906,0.2615615587681532
DCLP3/71,0.34144143921633563,0.496396391838789,0.47387386970221995,0.39579579594234626,0.3786786760513981,0.3234234211966395
DCLP3/72,0.3822822826604048,0.2996996987611055,0.23573573299994072,0.29399399235844614,0.3111111071581642,0.27177176928768554
DCLP3/74,0.3408408415814241,0.2579579555739959,0.33603603423883516,0.2711711679895719,0.4843843831370274,0.344144145399332
DCLP3/77,0.44204204169412453,0.2699699695532521,0.3303303282087048,0.44414414366086324,0.3993994000057379,0.46306306483844917
DCLP3/78,0.4279279261827469,0.570870873828729,0.6174174182116985,0.3813813808063666,0.4192192212368051,0.27927927852918705
DCLP3/79,0.15075075111041467,0.12312312268962462,0.10840841010212898,0.1675675680860877,0.2870870869606733,0.27867867865910134
DCLP3/8,0.3693693688760201,0.37297297480205693,0.3774774769941966,0.2954954968765378,0.28828828831513725,0.2795795776570837
DCLP3/80,0.32882882642249267,0.3789789798359076,0.2528528525183598,0.3753753782560428,0.36966966862479844,0.3177177141730984
DCLP3/86,0.26666666952272255,0.4072072044635812,0.49189188492794833,0.30930930816878877,0.4789789771040281,0.41291291459153096
DCLP3/88,0.36096095939477285,0.3474474451815089,0.34564564283937216,0.2846846838792165,0.4513513478140036,0.29639639736463624
DCLP3/89,0.3789789792150259,0.4159159161150455,0.23873873619983593,0.3657657648126284,0.5150150155027707,0.39339339453727007
DCLP3/90,0.32522522620856764,0.37807807928572096,0.36246245795240006,0.3285285297781229,0.40300300512462855,0.2747747737914324
DCLP3/91,0.03093093124528726,0.14534534309059383,0.021321321030457814,0.02282282318919897,0.35555555478980144,0.37987987908224263
DCLP3/93,0.33693693671375513,0.33843843874831997,0.17267267145216464,0.30660660738746326,0.34684684642901026,0.28288288215796153
DCLP3/94,0.23213213148216408,0.23513513393700122,0.1591591600328684,0.2399399381130934,0.4087087108443181,0.3498498467728496
DCLP3/95,0.24744744456062714,0.3096096082280079,0.30090090247491996,0.2474474457403024,0.3168168145542343,0.30780780923863255
DCLP3/96,0.46996996849775313,0.38078077559669815,0.4720720743139585,0.4234234201411406,0.4903903907785813,0.2711711692934235
DCLP3/97,0.34804804529994726,0.4645645635823409,0.5279279246926307,0.290990992449224,0.4189189185698827,0.33783783825735253
DCLP3/98,0.24894895050674676,0.31261260869602364,0.11651651654392481,0.1750750731676817,0.4624624598150452,0.3201201175649961
DCLP5/1,0.3023569017648697,0.43872053908805053,0.25117845125496385,0.23030303046107292,0.39225589282189804,0.44983164916435875
DCLP5/10,0.292929291476806,0.3306397321013113,0.35387205543617406,0.23299663417662184,0.481144779920578,0.5020202005592486
DCLP5/100,0.3218855210579932,0.37643097784991064,0.5289562325303753,0.3511784506030381,0.4572390613456567,0.4993265962228179
DCLP5/101,0.4013468041395148,0.3552188566885889,0.41380471251904966,0.38653198728958765,0.5333333316569527,0.3616161630178491
DCLP5/11,0.4750841743623217,0.3148148160117368,0.2747474777822693,0.4040404031674067,0.45117844889561337,0.3750841739587486
DCLP5/12,0.42659932548801105,0.2373737372457981,0.18787878934914867,0.33771043345332147,0.5400673424204191,0.42962963025396067
DCLP5/13,0.27138047097250817,0.3845117854575316,0.3579124580447873,0.34646464465186,0.5370370348294576,0.4949494957923889
DCLP5/15,0.3338383832635979,0.4138047186657786,0.3417508440713088,0.42154882177710534,0.4313131310045719,0.533333336127301
DCLP5/16,0.42154881802077093,0.28754208857814473,0.33468013343711694,0.4700336676090956,0.47912457849209505,0.47037037312984464
DCLP5/17,0.41919191979492704,0.2969696984315912,0.35387205705046654,0.4104377089999616,0.2929292942086856,0.3101010102157791
DCLP5/18,0.5195286229252816,0.273400675971061,0.24612794732674956,0.3996633009364208,0.5259259288509687,0.4659932627653082
DCLP5/19,0.4242424234747887,0.2754208728360633,0.2542087542824447,0.3760942792209486,0.44309764032562576,0.3730639714747667
DCLP5/2,0.40101009955008826,0.2595959620239834,0.23737373780459164,0.3851851802319288,0.3949494947058459,0.33434343182792264
DCLP5/20,0.3680134671429793,0.3777777786366642,0.3205387224443257,0.33602693273375434,0.44242424350231885,0.38080808222293855
DCLP5/21,0.27205387214198706,0.4013467992345492,0.16363636295621595,0.2599326603114605,0.4491582471256455,0.287205387900273
DCLP5/22,0.40774410478770734,0.49562289416790006,0.41885522063821556,0.36262626154348254,0.4003367015471061,0.42525252631555
DCLP5/23,0.40538720187420646,0.354545458778739,0.2582491583501299,0.33737373755623895,0.36801346875727176,0.45319865296284356
DCLP5/24,0.38114477824419735,0.38956229106212653,0.23771043922752141,0.34410774102434516,0.45117844802637896,0.3336700347562631
DCLP5/25,0.3794612804117302,0.30101010147482155,0.22794612705086667,0.35387205289055906,0.3730639734615882,0.5437710444132487
DCLP5/26,0.27575757590432964,0.404713801946491,0.23939393913994234,0.18350168286512294,0.5037037029862403,0.42356902472674846
DCLP5/27,0.3262626258035501,0.3367003345862031,0.42289562728255986,0.317845116990308,0.34343434491505226,0.2505050509857635
DCLP5/28,0.3316498296956221,0.28787878683457774,0.2885521889353792,0.3057239073639115,0.37171717183664443,0.44343434122080605
DCLP5/29,0.47104377262294295,0.27070707169671854,0.3659932645658652,0.4067340053307513,0.5390572391450406,0.45791245612005393
DCLP5/3,0.48114477572962644,0.3387205382809043,0.31346801345547043,0.3905723886564374,0.5013468012213707,0.4993265966574351
DCLP5/30,0.35892255914707977,0.3356902379542589,0.29259259266157944,0.352525252259026,0.4804713817623754,0.4797979806860288
DCLP5/31,0.41919191892569263,0.4040404031053185,0.33400673437863587,0.31616161748146016,0.4097643102829655,0.31582491658627987
DCLP5/32,0.44410774235924083,0.3107744100503623,0.28047138086209694,0.3727272708900273,0.5097643062472343,0.4286195303002993
DCLP5/33,0.42020201658209166,0.26767676848297317,0.3269360253897806,0.3329966305755079,0.43434343362847966,0.444444446824491
DCLP5/34,0.3824915809556842,0.41784511621420584,0.23737373733893036,0.355218855291605,0.3787878802667061,0.34747474938631057
DCLP5/35,0.4353535355379184,0.27575757789115113,0.17811447841425737,0.4377104412764311,0.4929292933394512,0.3865319868549705
DCLP5/36,0.3835016826788584,0.35925925988703966,0.42542087541272244,0.33063973259801666,0.466666663158685,0.38720539044588803
DCLP5/37,0.420202019965897,0.3245791203342378,0.328619528375566,0.3794612834850947,0.46296295958260697,0.3865319841230909
DCLP5/38,0.3696969687317809,0.4427609403928121,0.19175084109107654,0.3252525250737866,0.5084175075093905,0.35319865212465323
DCLP5/39,0.36936026910940806,0.34242424111192427,0.2946127923515936,0.295622894136856,0.5043771045903365,0.4841750832895438
DCLP5/4,0.4478114485740662,0.47171717310945194,0.3356902337633073,0.43703703554347156,0.4915824934840202,0.3656565684514741
DCLP5/40,0.39023569350441295,0.44713804572820665,0.2818181814625859,0.38080807871495687,0.545117846193413,0.43569023758172987
DCLP5/41,0.48417508552471794,0.3710437696737548,0.3340067365517219,0.4612794569693506,0.5441077449979882,0.40101009973635277
DCLP5/42,0.37003367183109126,0.33299663169309496,0.23602693763871987,0.33771043609206874,0.35622895664225024,0.400000000714014
DCLP5/43,0.3653198644829293,0.4235690228951474,0.5552188587685426,0.4265993244946003,0.4696969670554002,0.3057239054702222
DCLP5/44,0.39191919192671776,0.3602693616723021,0.4649831676234802,0.27979798037558795,0.5074074044823647,0.2882154897476236
DCLP5/45,0.3602693613618612,0.30235690803577503,0.2585858592763543,0.26969697090486683,0.4346801362931728,0.34814814788599807
DCLP5/46,0.37643097415566446,0.32390572245543203,0.20774410568798582,0.25791245826209586,0.5043771031623085,0.35656565679237245
DCLP5/47,0.41111110970377923,0.35589226040368277,0.1919191928890844,0.32895622942596675,0.46632996648550035,0.41279461241016785
DCLP5/48,0.27979797857503097,0.30101009892920655,0.1946127934381366,0.276767674398919,0.4589225620031357,0.4030303024997314
DCLP5/49,0.4491582504473627,0.4777777776122093,0.4026936009526253,0.4404040383795897,0.4080808114260435,0.43367003261422116
DCLP5/5,0.48720538318157197,0.220875422625492,0.24175084236388406,0.4723905709882577,0.4575757563114166,0.4262626276661952
DCLP5/50,0.3303030300264557,0.37811448018377025,0.39124579314763347,0.37508417358621954,0.4417508406564593,0.42794612782696884
DCLP5/51,0.4000000006519258,0.29090908970683815,0.42087542212878665,0.38181818251808486,0.3505050516066452,0.36060606194660066
DCLP5/52,0.18114478094503284,0.3218855208096405,0.2643097615800798,0.13400673264016708,0.4616161614656448,0.23131313072517515
DCLP5/53,0.40336700280507404,0.32861952828243374,0.36936026985446613,0.3818181801897784,0.407407407152156,0.33670033803209665
DCLP5/54,0.3915824933598439,0.3622895625730356,0.38013467968751985,0.4188552193343639,0.3909090901414553,0.382828281323115
DCLP5/55,0.4124579152713219,0.4942760937536756,0.32592592677101495,0.45521884923800826,0.5525252511103947,0.4952861927449703
DCLP5/56,0.421885522454977,0.3797979804376761,0.3710437724987666,0.40572390606005987,0.37575757689774036,0.39528619597355524
DCLP5/57,0.35286195408552884,0.13737373761832714,0.19696969706565143,0.3141414117999375,0.3249158223470052,0.31212121360003947
DCLP5/58,0.43771043717861174,0.43569023739546536,0.44579124624530475,0.3760942772651712,0.47676767787585655,0.4552188602586587
DCLP5/59,0.2818181813384096,0.4427609438697497,0.22020201881726584,0.2929292907938361,0.49326599355166156,0.2946127963562806
DCLP5/6,0.4151515205701192,0.4033670052886009,0.47373737369974456,0.3430976399841408,0.4791245773434639,0.3831649834600588
DCLP5/60,0.36094276001676917,0.33737374218180777,0.2895622895720104,0.41986532136797905,0.4649831628426909,0.4255892233302196
DCLP5/61,0.39663299719492595,0.3326599363858501,0.2939393948763609,0.34915825140972934,0.4144781129434705,0.39461279483512046
DCLP5/62,0.4255892274280389,0.327946130434672,0.38148147948086264,0.3801346785078446,0.5198653154075146,0.3481481459302207
DCLP5/63,0.38653198750689627,0.5794612790147463,0.5774410734574,0.2936026926462849,0.573737374600023,0.34242424157758555
DCLP5/64,0.18484848557660977,0.3474747429912289,0.10774410804733633,0.19966330037762722,0.4144781099011501,0.28417508595933516
DCLP5/65,0.4717171770830949,0.4653198637689153,0.35925926094253857,0.3306397312320769,0.4717171708742777,0.3801346760243177
DCLP5/66,0.39663299582898615,0.4279461265852054,0.45723905724783737,0.38350168643519283,0.5235690216223399,0.3427609452977777
DCLP5/67,0.4939393974840641,0.21111111110076308,0.22525252507378657,0.43905724020053943,0.29494949352617067,0.3178451178284983
DCLP5/68,0.38552188376585644,0.40000000099341076,0.40942760712156695,0.4518518524865309,0.5929292927185694,0.4245791221658389
DCLP5/69,0.45858585834503174,0.35791245587170123,0.28417508145794274,0.4569023598295947,0.33299663371096055,0.4882154906479021
DCLP5/7,0.3609427597373724,0.28787878683457774,0.3757575741969049,0.4377104357816279,0.383501683237652,0.35454545691609385
DCLP5/70,0.42828283508618675,0.4989899014433225,0.5151515156030655,0.3245791234076023,0.5319865345954895,0.4525252506136894
DCLP5/71,0.401683501402537,0.2814814823679626,0.276430977601558,0.48720538715521494,0.45656565989678105,0.26700336740662656
DCLP5/72,0.42659932567427555,0.2966329965430001,0.337037035698692,0.4673400665012499,0.47104377100865047,0.33063973262906077
DCLP5/73,0.392255891362826,0.43737373873591423,0.5407407400508721,0.31750841746106745,0.42558922615523137,0.3875420862187942
DCLP5/74,0.2097643098483483,0.21818181881681084,0.052188551891595124,0.14175084239492813,0.38484848346561196,0.3026936037776371
DCLP5/75,0.3030303039277593,0.36700336722036203,0.131649831092606,0.24175083969409267,0.4067340072244406,0.27508417579034966
DCLP5/76,0.3616161610310276,0.32255892402802905,0.19225589133178195,0.24915824914351106,0.464309765274326,0.1744107743104299
DCLP5/77,0.3548821563522021,0.4737373734203478,0.462289561641713,0.36161616205548247,0.38855219160517057,0.3542087562382221
DCLP5/78,0.3350168366916478,0.3154882144803802,0.24848484729106227,0.31851852058122554,0.4161616150289774,0.4148148155460755
DCLP5/79,0.3912457912849883,0.34949494805186987,0.2956228950060904,0.508417507323126,0.45050504865745705,0.48922558724880216
DCLP5/8,0.41077441051602365,0.3599326611806949,0.31750841677809755,0.38787878792112074,0.40606060506155095,0.5228956192731857
DCLP5/80,0.3851851853231589,0.36936027128249405,0.3188552196448048,0.3983165015466511,0.39158248879636326,0.3666666645556688
DCLP5/81,0.2585858571032683,0.3639730646274984,0.44579124500354134,0.24006734136492014,0.35589225590229034,0.27138047087937595
DCLP5/82,0.22087542122850815,0.3750841745175421,0.14410774561886985,0.15521885585039855,0.39797979618112245,0.30202020204936464
DCLP5/83,0.3255892259379228,0.42558922891815504,0.36565656525393325,0.23973063888649146,0.362289562014242,0.38653198499232533
DCLP5/84,0.2373737355694175,0.3569023612886667,0.11178451211502155,0.24511784324422478,0.26531986507276695,0.23164983143409093
DCLP5/85,0.3801346806188424,0.2016835003470381,0.18585858590280016,0.3380471389119824,0.37239057167122763,0.3067340053928395
DCLP5/86,0.3363636360814174,0.2101010105572641,0.24915824846054116,0.33535353690385816,0.39393940034012,0.4861952867048482
DCLP5/87,0.35387205441171926,0.36363636335978905,0.1912457937685152,0.37508417206505934,0.4245791251460711,0.2929292942086856
DCLP5/88,0.3616161635145545,0.39865320033083357,0.2777777794127663,0.38484848669419686,0.4808080780009429,0.5010101030270259
DCLP5/89,0.25454545579850674,0.185185185726732,0.20538720544427633,0.18080808129161596,0.3744107745587826,0.2767676795522372
DCLP5/9,0.3808080812295278,0.40101009868085385,0.24545454705754916,0.3252525250116984,0.39595959552874166,0.41010101114710173
DCLP5/90,0.38316498463973403,0.3828282840549946,0.23973063804830114,0.3232323224345843,0.5124579111735026,0.3646464635928472
DCLP5/91,0.43030302769814927,0.3003367017644147,0.24410774329056342,0.3727272734045982,0.38047138253847756,0.4141414158667127
DCLP5/92,0.3872053890799483,0.3851851853852471,0.45353535475830237,0.38181818289061387,0.38350168246154986,0.46902357172220943
DCLP5/93,0.40976430562635263,0.26801347254465024,0.19932659585028886,0.2925925938722988,0.4144781162341436,0.35993265981475514
DCLP5/94,0.47676767623052,0.2710437702946365,0.2824915844326218,0.419528616964817,0.44040403626859187,0.5367003351449966
DCLP5/95,0.44915824656685194,0.37037036890784897,0.29191919391353927,0.34579124621426066,0.4383838397761186,0.40303029989202815
DCLP5/96,0.4498316478294631,0.3969696953271826,0.4101010083220899,0.33063973262906077,0.4548821531236172,0.3636363650051256
DCLP5/97,0.36195286059131226,0.3626262627542019,0.4333333318432172,0.35656565551956493,0.3932659907887379,0.312121210899204
DCLP5/98,0.3367003402362267,0.24680134579539298,0.2626262647410234,0.36565656376381717,0.4787878823156158,0.3555555537963907
DCLP5/99,0.34107744057352346,0.4397306401282549,0.23872053970893223,0.402356897542874,0.46801346956441797,0.4097643061541021
Flair/1,0.4123287707567215,0.45707762365539867,0.5077625545362632,0.3712328759332498,0.4315068480869134,0.44383561437328656
Flair/10,0.3712328732013702,0.4260273983081182,0.295433792223533,0.3465753431121508,0.4968036517500877,0.3589041071633498
Flair/101,0.450684928894043,0.4141552522778511,0.33607305760184925,0.3949771684904893,0.3963470309972763,0.41415525153279303
Flair/102,0.3785388134419918,0.4728310525417328,0.553424653907617,0.4150684975087643,0.4716894922157129,0.4191780803104242
Flair/103,0.44383561288317047,0.34474885935584704,0.41461187079548834,0.3977168949941794,0.49954337726036707,0.4625570779045423
Flair/104,0.428767121086518,0.3420091298719247,0.233333333581686,0.35251141612728437,0.5009132449825605,0.3625570754210154
Flair/105,0.4365296756227811,0.4799086734652519,0.45936072915792464,0.3095890410244465,0.4963470327357451,0.3511415516336759
Flair/106,0.4515981741249561,0.1726027381916841,0.2091324197749297,0.43835616260766985,0.3219178083042304,0.40684931352734566
Flair/107,0.357077623407046,0.3762557086845239,0.24931506564219794,0.3452054776251316,0.5292237418393294,0.38812785322467486
Flair/108,0.4689497694373131,0.4091324167946974,0.3182648405432701,0.4059360759953658,0.44474885786573093,0.3785388134419918
Flair/11,0.2904109574854374,0.3936073044935862,0.45525113691886265,0.23150684932867685,0.6054794472952684,0.37351598019401233
Flair/111,0.5022830997904142,0.39908675402402877,0.33607306132713954,0.3543378954132398,0.4767123294373353,0.47990866924325626
Flair/115,0.385844749212265,0.3114155267675718,0.37168949966629344,0.378538811703523,0.5077625557780265,0.5045662080248197
Flair/116,0.46347031941016514,0.33881278360883393,0.25981734941403073,0.44383560940623284,0.42831049909194313,0.4643835629026095
Flair/117,0.4356164383391539,0.44931506787737213,0.3780821899573008,0.5100456587970257,0.5479451989134153,0.5013698644936084
Flair/12,0.4803652974466483,0.3945205479860306,0.3652968056499958,0.36484018166859944,0.4589041069149971,0.5342465760807197
Flair/120,0.34383561636010807,0.4493150658905506,0.32831050306558607,0.363470317920049,0.46438356190919877,0.3876712324718634
Flair/121,0.4780821934342384,0.297716894497474,0.22009132305781046,0.45890410939852394,0.44063926811019577,0.421917803833882
Flair/122,0.44246574863791466,0.26986301491657894,0.3013698617617289,0.4319634685913722,0.5712328744431336,0.37077625617384913
Flair/124,0.446118717143933,0.4095890377958616,0.4351598185797532,0.5013698642452558,0.46849315191308655,0.4785388112068176
Flair/125,0.4027397240201632,0.3999999990065893,0.3292237438261509,0.45296803712844846,0.4360730595886707,0.44611871987581253
Flair/13,0.49771689300735794,0.3214611865580082,0.4292237396041552,0.4881278524796168,0.4593607316414515,0.5392694063484669
Flair/14,0.448401823391517,0.274429223438104,0.269406392176946,0.4529680388669173,0.4159817385176818,0.5520547976096472
Flair/15,0.34200913409392036,0.35388127689560256,0.4168949775397778,0.3931506822506587,0.4401826498409112,0.38264840344587964
Flair/16,0.2812785377105077,0.2027397260069847,0.21095890427629152,0.3515981711447239,0.3853881279627482,0.4913241977492968
Flair/19,0.3913242002328237,0.18447488819559416,0.2105022815366586,0.35296803737680116,0.4607305924097697,0.4237442910671234
Flair/2,0.4940639262398084,0.5159817340473334,0.46666666517655053,0.4963470327357451,0.4639269381761551,0.3698630119363467
Flair/22,0.4739726044237614,0.35479451964298886,0.33972602436939875,0.5251141582926114,0.47853881667057674,0.5118721460302671
Flair/23,0.3630137018859386,0.45525114238262177,0.4369862991074721,0.3009132432440917,0.5082191733022531,0.5260273958245913
Flair/25,0.28995433896780015,0.35707762638727825,0.17625570793946585,0.326027396072944,0.5242009135584037,0.3799086757004261
Flair/28,0.3531963457663854,0.24885844712456068,0.18310502196351688,0.35159817188978193,0.48538812721769015,0.37534246444702146
Flair/3,0.5200913180907567,0.49360730598370234,0.44292237187425293,0.4447488556305567,0.4616438334186872,0.4634703184167544
Flair/31,0.47899542897939684,0.29086758171518645,0.2584474896391233,0.3671232884128888,0.44155250961581866,0.3739726014435291
Flair/35,0.38904109547535576,0.48949771424134575,0.3881278522312641,0.34063926662007965,0.4913241945207119,0.4159817318121592
Flair/36,0.49589040701587994,0.4867579864958922,0.5520547896623611,0.49269406174619995,0.5602739694217841,0.465296803911527
Flair/38,0.3732876698176066,0.3525114136437575,0.4196347013115883,0.34383561288317044,0.4242009105781714,0.507762560993433
Flair/4,0.44748858312765755,0.16392694115638734,0.1963470292588075,0.3136986310283343,0.43744291688005127,0.3159817360341549
Flair/40,0.33698630034923555,0.3283105028172334,0.2036529704928398,0.2936073047419389,0.4397260248661041,0.550228305409352
Flair/43,0.38995433524250983,0.5707762576639652,0.56849315315485,0.358447490632534,0.5022831057508786,0.479908670236667
Flair/44,0.38995433077216146,0.31963470404346783,0.44794520537058513,0.3881278529763222,0.48767122949163116,0.4369862993558248
Flair/47,0.4351598143577576,0.3260273978114128,0.3237442895770073,0.4420091286301613,0.504566211005052,0.44977168465654055
Flair/48,0.4260273995498816,0.3630136986573537,0.32739725957314175,0.37031963268915813,0.5068493120372295,0.43378995209932325
Flair/49,0.4703196339309216,0.37351597944895426,0.46164383391539254,0.47168949569265045,0.4566210036476453,0.5018264830112458
Flair/5,0.4525114158789317,0.40593607276678084,0.3360730561117331,0.41643835678696633,0.4063926932712396,0.353424659371376
Flair/50,0.4726027416686217,0.4799086776872476,0.5324200928211212,0.39543379147847496,0.5365296830733617,0.42602739731470746
Flair/51,0.36073059365153315,0.5401826453705628,0.33059360856811204,0.3689497734109561,0.39452054450909296,0.4652968046565851
Flair/52,0.42602739334106443,0.3095890387892723,0.4082191747923692,0.4383561618626118,0.38127853845556575,0.4936073107024034
Flair/55,0.34429223611950877,0.34840182537833847,0.24885844613114994,0.4004566237330437,0.4931506832440694,0.4703196346759796
Flair/56,0.3858447524408499,0.34840182587504387,0.43287671183546383,0.46940638944506646,0.6406392676134904,0.5433789963523546
Flair/57,0.45753424738844234,0.5013698590298493,0.40091324001550677,0.3986301360030969,0.4050228295226892,0.5543378986418247
Flair/6,0.4744292236864567,0.2972602739930153,0.24885844786961872,0.4301369865735372,0.3990867572526137,0.4438356136282285
Flair/61,0.5059360705316067,0.3429223716259003,0.4086757975320021,0.43607306430737175,0.4748858434458574,0.4753424622118473
Flair/62,0.488127854714791,0.46347031692663826,0.42283104980985325,0.41004565979043645,0.3972602737446626,0.4168949745595455
Flair/63,0.4703196339309216,0.4301369893054167,0.3831050199766954,0.47945205171902977,0.4666666634380817,0.46118721092740694
Flair/64,0.3840182714164257,0.29360730697711307,0.3675799086689949,0.326940639068683,0.5616438356538613,0.38721461097399396
Flair/65,0.48356164172291755,0.419634701559941,0.3237442895770073,0.5082191730539004,0.37031962871551516,0.33607305760184925
Flair/67,0.36712328468759853,0.40456620876987776,0.13150684932867687,0.26347031941016513,0.4566210016608238,0.38082191670934357
Flair/68,0.3762557057042917,0.4077625577648481,0.454794521133105,0.2917808209856351,0.3767123259603977,0.3954337894916534
Flair/69,0.38767123023668926,0.36712328667442,0.3940639312068621,0.4552511403958003,0.48447488124171895,0.42511415481567383
Flair/7,0.49132420048117637,0.3118721457819144,0.3735159821808338,0.498173513263464,0.461187211672465,0.4488584486146768
Flair/71,0.3881278559565544,0.35936073064804075,0.27077625369032227,0.38447488645712535,0.35662100290258725,0.46392694165309273
Flair/72,0.4187214600543181,0.31552511379122733,0.30639269153277077,0.4315068446099758,0.5342465683817863,0.3972602732479572
Flair/74,0.531050227334102,0.3707762539386749,0.37168949594100315,0.4630136979122957,0.43287671307722725,0.4168949767947197
Flair/75,0.4214611870547136,0.45251141463716826,0.4356164373457432,0.2817351592083772,0.4059360747536023,0.3205479457974434
Flair/81,0.4027397247652213,0.35433789690335593,0.36712328816453615,0.43470319683353104,0.4716894959410032,0.48630136872331303
Flair/84,0.4173516015211741,0.43515981634457906,0.3712328744431337,0.41917808378736177,0.4474885833760103,0.558904108653466
Flair/85,0.5027397245168685,0.4013698620100816,0.35433789690335593,0.45799086714784304,0.49132420246799785,0.5182648335893949
Flair/87,0.38356164569656054,0.29634703223903974,0.16438356240590413,0.35936073064804075,0.4420091321070989,0.31187214677532515
Flair/91,0.3575342466433843,0.4059360735118389,0.31917808403571446,0.3415525106092294,0.478995431214571,0.47671233415603637
Flair/94,0.4881278524796168,0.3392694036165873,0.36255707666277887,0.5132420067985852,0.48858447720607123,0.36803652718663216
Flair/95,0.3799086771905422,0.33196347057819364,0.3328767125805219,0.4712328756848971,0.5118721487621466,0.41187214305003483
Flair/96,0.4990867552657922,0.48675798748930293,0.4141552510360877,0.5378995403647423,0.49315068647265436,0.4698630146682262
Flair/97,0.4917808207372824,0.541095886627833,0.5255707763135433,0.34337899362047514,0.3812785419325034,0.2712328771750132
Flair/99,0.3853881264726321,0.41643835181991257,0.29726027622818946,0.39726027051607765,0.487671235948801,0.36849314694603286
HUPA-UCM/26,0.31666666666666665,0.23333333333333334,0.4,0.26666666666666666,0.45,0.2833333333333333
HUPA-UCM/27,0.38333333333333336,0.25,0.31666666666666665,0.3333333333333333,0.3333333333333333,0.38333333333333336
HUPA-UCM/28,0.36666666666666664,0.4166666666666667,0.23333333333333334,0.35,0.3,0.3333333333333333
Loop/10,0.34887737228224674,0.3773747868835926,0.22797927130013704,0.3538644190877676,0.48350604474544523,0.2464594129472971
Loop/100,0.27128670463959376,0.38808290285523983,0.32983592208474877,0.27279792791232466,0.45798791286846,0.25924006703620156
Loop/1000,0.2676597589006027,0.367141623981297,0.43808289791146915,0.20410189929728706,0.29818652632335824,0.18337651127173255
Loop/1001,0.33644214272499084,0.36757340567807356,0.39330742669602237,0.360405874873201,0.45129533723617593,0.30166235180416456
Loop/1002,0.2830310893555482,0.43626943179406225,0.32573402421548964,0.2604274624337753,0.35297927614301444,0.1663644193050762
Loop/1004,0.3588082879781723,0.3547063921811059,0.28890328117025393,0.31981865235914786,0.4742875638107459,0.3071675300830975
Loop/1005,0.1640328168325747,0.4736830717573563,0.05867875619636228,0.14637305708602072,0.36580310519784687,0.2055699478990088
Loop/1008,0.36146373078227045,0.3914507790468633,0.22137305710154276,0.3022668413197001,0.45051813395693896,0.22491364361097416
Loop/1009,0.29721502840984615,0.4022884314879775,0.25785837705867987,0.3260794478158156,0.31545768920332196,0.2572754770517349
Loop/101,0.3483160608137647,0.4965457618546983,0.35198618366072576,0.3740500864883264,0.4062176163929204,0.29991364205876986
Loop/1011,0.31774611454457047,0.4462003438267857,0.3560880809711913,0.3323834205046296,0.3586787595103184,0.3229274610678355
Loop/1012,0.28801813373963037,0.26109671833304066,0.3465457691811025,0.2503454240194211,0.2696891188621521,0.25183506198227407
Loop/1013,0.26740069265166916,0.39568220923344294,0.25207253818710645,0.2550518145163854,0.3879965481813997,0.33665803388382
Loop/1014,0.32258204283813635,0.4747841096948832,0.4674870477368434,0.27361830831505357,0.36921416469849644,0.23933506194346896
Loop/1016,0.33214593964318434,0.4347582049357394,0.31545768103872734,0.252374782320112,0.3835060420135657,0.256735749480625
Loop/1018,0.2612910171349843,0.39244386926293373,0.19037133074986437,0.2866580327351888,0.4507772014165918,0.29762521537486464
Loop/1019,0.31493954844772815,0.39978411147991816,0.4071675318603714,0.2885146774351597,0.3518134729936719,0.2098445590895911
Loop/102,0.39287564844513934,0.40470638989160457,0.4218048348401984,0.3084628625617673,0.46187392125527066,0.3586787553116058
Loop/1021,0.24749568194771807,0.38518998498717943,0.10043177848371367,0.185664937676241,0.5338946436842282,0.21196027745803198
Loop/1025,0.3555267733366539,0.3507772007336219,0.3341537135342757,0.3173575141777595,0.4621761636187633,0.4173575124392907
Loop/1026,0.38501727283000947,0.3534110569084684,0.2409758176965018,0.2734024160075933,0.45522452630102633,0.2685233161319047
Loop/1027,0.2325993054313585,0.4567789278924465,0.20682210735976697,0.2588082897166411,0.37931778994388876,0.3067357504973188
Loop/1029,0.38100172954921924,0.23221070668660104,0.3276338515182336,0.3479274623095989,0.458246976758043,0.3162348875775933
Loop/1030,0.3284974100689093,0.41567357803384464,0.3517702916637063,0.44464594026406606,0.446934366474549,0.3550949911276499
Loop/1031,0.34052245194713276,0.2617012075458964,0.36895509307117513,0.3931778931369384,0.45120898224413397,0.30936960329612095
Loop/1033,0.3385794499889016,0.36800518110394476,0.41973229746023816,0.3466321265945832,0.43903281340996425,0.38225388346860806
Loop/1036,0.24533678557102878,0.4236614865716547,0.4968911901116371,0.21718480200506746,0.4023316062055528,0.36057858453908315
Loop/1037,0.31757340176651877,0.3051165784088274,0.1618307435885072,0.20721070726091664,0.4068652853369713,0.3085923999392738
Loop/1039,0.3544689106444518,0.3624352297124763,0.30431779054924846,0.32698618434369564,0.3681778936025997,0.27150259048988423
Loop/104,0.2832253907807171,0.35505181124123436,0.21575993114771944,0.3261658035218716,0.24253022471287597,0.3646804794669151
Loop/1041,0.18160621772985905,0.3664939575828612,0.06437823806578914,0.16770293669154246,0.5119170928994815,0.12016407611469428
Loop/1043,0.37452504647274815,0.33812608290463686,0.32933937810982267,0.35608808292696875,0.44032814825574557,0.3099309177137911
Loop/1044,0.3405224505191048,0.39352331353972353,0.29827288369027277,0.36027633901685474,0.5066278067727884,0.34615716624539344
Loop/1045,0.3403713314483563,0.4447754787746817,0.4432642485946417,0.37936096750199794,0.4107944721976916,0.35772884308050074
Loop/1046,0.28704662981132667,0.3707253898804386,0.3946027676885327,0.216796201094985,0.39749568331365787,0.2537996533171584
Loop/1047,0.36066494025290013,0.41001727207719035,0.3050086345523596,0.27547495616599915,0.37452504206448795,0.34857512873907887
Loop/1048,0.37713730247536054,0.339032818757308,0.2592832469070951,0.41291018910706045,0.4551381664040188,0.42741796231518187
Loop/1049,0.2579015522884826,0.5532815213004748,0.523316067457199,0.19097582174775501,0.3617875657975674,0.2536269428984573
Loop/105,0.3411053550740083,0.31701209240903455,0.10423143330651025,0.2739637312168876,0.5151986149450143,0.2476252165623009
Loop/1052,0.3992227990180254,0.3354274600589027,0.24550950018068154,0.3539723668635512,0.4480138160288334,0.2814335070317611
Loop/1053,0.34373920572300753,0.5074697799980641,0.5836355785528818,0.2842832451686263,0.47702935909231503,0.27543178033083676
Loop/1055,0.2561744391297301,0.5354490496218205,0.18933506242465228,0.17728842810417214,0.35051813477960725,0.2716752992089217
Loop/1056,0.3756692573428154,0.34311312274076045,0.38847150430083277,0.294473229154634,0.33424006775021553,0.26260794593642156
Loop/1057,0.41342832644780475,0.42677029327799876,0.3303540596117576,0.31360103385522964,0.341450778208673,0.3623488775144021
Loop/1058,0.40837651054219654,0.38536269445127497,0.3428756469860673,0.39153713115180533,0.39978411216288806,0.35129533646007377
Loop/1059,0.33626943255464237,0.3676165783156951,0.2801813478271166,0.3343264238288005,0.5265975835422675,0.39041450843214986
Loop/106,0.3809153706145783,0.33821243475346513,0.22556131134430568,0.36381692439317703,0.3975820408513149,0.35237478363948566
Loop/1060,0.2551381695239494,0.4315198628231883,0.28225388485006986,0.2495682224398479,0.38816925867771107,0.28471502624452116
Loop/1061,0.3281304014225801,0.5166234893724322,0.4059585522317017,0.3316925711929798,0.46835060082376,0.2994818640795226
Loop/1062,0.3420336786657572,0.45807426285464314,0.3077720178058371,0.32992227959136167,0.4075993103906512,0.35630397163331506
Loop/1063,0.3152849739727875,0.45880828878531854,0.35634715207852424,0.2453799624539291,0.4091537112991015,0.2771157164592296
Loop/1064,0.3278497409230719,0.38324697758071125,0.48821243618925414,0.33734887607085207,0.4514680481826266,0.3212435242719948
Loop/1065,0.3538860087593397,0.2289939558133483,0.17150258825471004,0.30535405905296403,0.3795768588781357,0.2573402382743855
Loop/1066,0.40906735757986706,0.49447323034983126,0.3541234879444043,0.40587219620744386,0.4118739189269642,0.4034542286613335
Loop/1067,0.3217832509428263,0.34598445682010304,0.19218480096509058,0.25429620219705007,0.4712867003555099,0.3028497400848816
Loop/1068,0.40401554803053535,0.4586787571509679,0.2721070821086566,0.3454231424878041,0.37607944483558337,0.3488773743311564
Loop/1069,0.3285621759792169,0.3867012060247362,0.3307858378936847,0.23013817028452951,0.3247409325093031,0.22387737452518194
Loop/107,0.33454231650878985,0.3860751318745315,0.43458549318214257,0.3724093281974395,0.3572538884201398,0.2808721921717127
Loop/1070,0.2481865270063281,0.4266839335827778,0.12178324690709512,0.25444732370475925,0.5086787543570002,0.24637305783883978
Loop/1071,0.4086787567784389,0.40669257411112386,0.34222797900438306,0.4014248694603642,0.4768566462599362,0.30591537008682884
Loop/1074,0.2671848013376196,0.45410189976294835,0.43842832520604136,0.2895077723544091,0.36649395475784935,0.2936096691060811
Loop/1075,0.3017702950319896,0.4586355822781722,0.5361398930350939,0.3666234898691376,0.42439551080266635,0.30371329622964066
Loop/1078,0.3286917079628135,0.3727547516968722,0.15267703054317583,0.24391191739899418,0.40643350755174956,0.2398963760584593
Loop/1079,0.2487262525750945,0.4556131267454475,0.29956821975453446,0.28398100286722183,0.3814766838525732,0.33190846249150735
Loop/1080,0.3366148533920447,0.3016407606812815,0.18495250360574572,0.2803972386444608,0.4192141624943664,0.3459412765999635
Loop/1081,0.4009067375212908,0.5351468030363321,0.30133851344386736,0.4008203799525897,0.4197322917481264,0.3825993097232034
Loop/1083,0.2454663229174912,0.4273316061745087,0.30241796088715395,0.21442141526689132,0.4146804830059409,0.18566493961649636
Loop/1084,0.35259067205091316,0.3551813489447037,0.456066492634515,0.3306563042725126,0.4029792731627822,0.4105354029064377
Loop/1090,0.23218911797739566,0.3842832466121763,0.42802244865645966,0.15069084613739203,0.32974956805507344,0.31791882384568454
Loop/1091,0.2495250395188729,0.5208117441895107,0.2575561316528668,0.25112262504796184,0.5182642464836439,0.328583763508747
Loop/1092,0.2659758214916413,0.24645941304042934,0.2143350630843391,0.20241796143818647,0.48898963642617066,0.3976252178195864
Loop/1093,0.20846286822731297,0.42379102228830257,0.11165803081045549,0.17167530167692652,0.41770293917506934,0.12763385229433577
Loop/1094,0.19751726832861702,0.46826425194740295,0.23367875786498188,0.2210276350611821,0.3490932632548114,0.2968911940852801
Loop/1095,0.29494818989187477,0.18203799665595094,0.13972366302429387,0.26930051563152424,0.32238773655456804,0.31541450501730045
Loop/1097,0.25947754800630113,0.3469775487824033,0.17392055335609863,0.23881692675252755,0.3761658034209783,0.2532383427567159
Loop/1099,0.29354490476349987,0.30876511180928595,0.24581174763540428,0.2691278072539717,0.4691709838807583,0.3409326403867453
Loop/11,0.3500647700081269,0.3449481872220834,0.24473229429374138,0.3525043183937669,0.40954231104503075,0.2949050091207027
Loop/110,0.3973661481402814,0.2366148522744576,0.25708117542477943,0.46079447319110234,0.4675734040637811,0.3205094990398114
Loop/1100,0.46709844830135505,0.41606217531953005,0.4027633848134428,0.4493955043454965,0.422063900778691,0.39183937609195707
Loop/1101,0.263514680089429,0.43035406216513367,0.22474093440299234,0.28778065359219906,0.34395509380847217,0.24710708383160332
Loop/1103,0.35345423106725016,0.32504317617664735,0.18613989651203156,0.28786701324085395,0.4503454273566604,0.21575992908328773
Loop/1104,0.3036269401355336,0.266968913632445,0.2951208982383832,0.22918825497229894,0.3991364394625028,0.32202072453995545
Loop/1105,0.38540587313473224,0.4281951643526554,0.44037132955466707,0.3187392090447247,0.39417098394284644,0.32284110809365907
Loop/1107,0.31835060423860945,0.3946891212835908,0.25198618226374186,0.26815630244091154,0.43376511211196583,0.3478842793653409
Loop/1108,0.27262521404773,0.3091105306521058,0.3596286677444975,0.22905872385017573,0.5111398950219155,0.363946461584419
Loop/1109,0.4115069059034189,0.2684801389308025,0.346977546500663,0.34248704882338643,0.4432426641384761,0.24149395384204883
Loop/1112,0.3046416252851486,0.4564766846907636,0.16878238238859922,0.32383419734736285,0.45474956940549116,0.34253022307530046
Loop/1114,0.292443869014581,0.4073834196353952,0.20565630431907872,0.35284974056606494,0.42094127951810756,0.3590241776003192
Loop/1115,0.2144645931199193,0.3057858375677218,0.2845423173159361,0.1870466308357815,0.3327288455174615,0.2549222799328466
Loop/1116,0.3467616573596994,0.385017271588246,0.3424006920307875,0.26860967216392356,0.3344127789760629,0.26662349010972924
Loop/1117,0.34291882505640386,0.2961571665170292,0.2852331628790125,0.32128670209397875,0.5460276345411936,0.3279792714243134
Loop/1118,0.14447322940298665,0.41280224223155526,0.04762521549127996,0.12940414484279852,0.4908894608418147,0.054015543218702076
Loop/1119,0.34568220699826874,0.4609240085507433,0.34088946469128134,0.4186096753304203,0.387996545744439,0.2612694294502338
Loop/112,0.4146804846978436,0.46312608079363904,0.39190414796272915,0.3591537117958069,0.5480138175189495,0.2450345408792297
Loop/1120,0.1555483574513346,0.44188255618015926,0.07499999958090484,0.12970638885162772,0.45673574971345565,0.08704663274499277
Loop/1121,0.3250647703806559,0.4369170992945631,0.5183074262769272,0.366623488192757,0.4191709829494357,0.3935233151850601
Loop/1123,0.21552245188504457,0.4541450791060925,0.36891191601753237,0.21338514755479993,0.38100172746926547,0.24602763428507993
Loop/1124,0.2945595876701797,0.45971502711375556,0.24080310678109526,0.27659758031368253,0.29758203762272994,0.3180915379275878
Loop/1125,0.4530656268199285,0.364075995159025,0.34594127846260864,0.39114853541056316,0.4829447296758493,0.32780656311661005
Loop/1126,0.36865285082409777,0.37439551316201686,0.48557858504354956,0.4161485289533933,0.4694300539791584,0.27849740972742437
Loop/1129,0.24183937559525173,0.6098013823231061,0.2690414499491453,0.15708117407436173,0.2837219302387287,0.2132124336902052
Loop/113,0.26308289989829065,0.2397236602846533,0.3021157142939046,0.2640759949029113,0.2982728822777669,0.3119170992712801
Loop/1132,0.4159326377014319,0.42223661666115125,0.40863557836661735,0.2670984461903572,0.4448186494410038,0.3407599282761415
Loop/1133,0.302461139857769,0.35893782269364843,0.23134714930007855,0.27987910266965627,0.5088514693081378,0.332426597426335
Loop/1135,0.3161917089174191,0.37603626851923766,0.36839378358175356,0.2933074245850245,0.3848445640721669,0.2573402410373092
Loop/1137,0.3232944701410209,0.3856865287059918,0.2479274610057473,0.3077288443222642,0.4515112260977427,0.29939550869166853
Loop/1138,0.3686528496444225,0.49080310662587484,0.485708116988341,0.31282383191088836,0.47607944657405216,0.35535405880461135
Loop/1139,0.29637305792421104,0.3813039701276769,0.3877806572864453,0.3633635614067316,0.44537996624906856,0.3665803132733951
Loop/114,0.30634715150420866,0.4342400673776865,0.5571459403882424,0.2436096739411975,0.35168393949667615,0.33212435104263327
Loop/1140,0.14723661351017653,0.5160621717572212,0.148661484879752,0.1550086355302483,0.4183937848856052,0.23169257330397766
Loop/1142,0.003238341895242532,0.637651122858127,0.0007340241766845187,0.003670120898944636,0.2570379973311598,0.006303972393895189
Loop/1143,0.31843695839246117,0.30332469744607804,0.1496977537870407,0.32348877073576054,0.2850604481995106,0.23622624919128915
Loop/1145,0.1916666664959242,0.30142487058571227,0.19775474863126874,0.18126079477369786,0.4047063870355487,0.339248708045731
Loop/1147,0.2795336777033905,0.29477547723799946,0.2671416238415986,0.29201209023594854,0.4179188252116243,0.37487046429887416
Loop/1148,0.30382124458750087,0.3582038003951311,0.2770293582230806,0.33139032615969577,0.4291018987695376,0.247797924776872
Loop/1149,0.34978411023815476,0.4183074284965793,0.4790371341320376,0.30712435537328325,0.5056994823118051,0.3232297034313281
Loop/115,0.3227979257081946,0.49775474780860046,0.4471502613276243,0.27383419740945103,0.35133851915597913,0.3222797924031814
Loop/1150,0.19006908408676584,0.49887737606962523,0.15414507629660268,0.2222366132773459,0.48704663465420406,0.30449050065750877
Loop/1151,0.2651338493296256,0.20151122693593304,0.18372193615262708,0.3336787512448306,0.5582901497992376,0.319041450197498
Loop/1152,0.1841537156375125,0.46044905407664677,0.124006910653164,0.1468911912990734,0.3181347165256739,0.1546200357998411
Loop/1153,0.09231433492774764,0.4470639073445151,0.017487046440752843,0.052547496161423624,0.26450777280454835,0.06787564632638048
Loop/1154,0.17530224407091738,0.4054404176771641,0.3815414478847136,0.1607512961452206,0.4103195155505091,0.20578583791696778
Loop/1155,0.3866148540750146,0.3193005181228121,0.17331606342146794,0.34520725236895183,0.42728842797999583,0.30466321210066477
Loop/1158,0.26873920584718386,0.39218480059256156,0.1145941271369035,0.2092400680684174,0.43795336994032064,0.18799654707933466
Loop/1159,0.30621761760363975,0.5607944759229819,0.4327720186362664,0.18765111919492483,0.40569948209449647,0.22867011909062665
Loop/116,0.1585923997530093,0.404663212907811,0.09227115781977772,0.17417962123484662,0.4033678753922383,0.1346286704375719
Loop/1161,0.4028929223616918,0.3572970643872395,0.406001725140959,0.30423143059015273,0.3898100173721711,0.29315630383789537
Loop/1162,0.27644645997012657,0.4569084631279111,0.25664939485335103,0.2466752990304182,0.2486183072440326,0.3504749584943056
Loop/1163,0.12720207331391672,0.3395077700493857,0.05509499099571258,0.11968912022033086,0.4283246945589781,0.084499136172235
Loop/1164,0.38661485167685894,0.4753885992259408,0.43350604569228984,0.2316062193363905,0.37340241610072555,0.28264248770816874
Loop/1165,0.34447322636842725,0.43821243233978746,0.5174438710014025,0.29917961987666786,0.29762521718318263,0.23618307298359772
Loop/1167,0.2806778930127621,0.36070811556031307,0.23432642249390484,0.24727979350524645,0.3775043186188365,0.22556131171683472
Loop/1169,0.30094991164902846,0.2979274625889957,0.3174870471780499,0.30500863470758,0.43562176019574206,0.2905440405011177
Loop/1170,0.32815198685663444,0.3896373043457667,0.30807426702231167,0.301986184840401,0.46670984476804733,0.43311744518578055
Loop/1173,0.22694300500055153,0.35306562898525345,0.09460276351310312,0.1914939549130698,0.43005181644111873,0.18652849708062907
Loop/1175,0.3641623483970761,0.35898100019743046,0.35945595701535543,0.34127806512018044,0.4664076004798214,0.35487910161415737
Loop/1176,0.23197322888299823,0.4270293592164914,0.3023747829875598,0.33234024088984976,0.45595854967832566,0.2610535411319385
Loop/1177,0.4393782376156499,0.41265112391362585,0.40297927645345527,0.38346286316712697,0.3588082874814669,0.43898963605364166
Loop/1178,0.3209196856245399,0.4582469797382752,0.6006044909358025,0.24749568505212666,0.5189119153966506,0.21744387010888508
Loop/1179,0.3390328128589317,0.3433506056123103,0.21735751265659928,0.31325561335931223,0.441191707427303,0.37089809589087963
Loop/1181,0.3458117427770048,0.35949913654476406,0.4705094995597998,0.3225388608252009,0.39373920831518866,0.3459412781444068
Loop/1183,0.038557858144243555,0.3527202070535471,0.0012953367394705614,0.02107081194408238,0.2744386883452535,0.034196890983730556
Loop/1184,0.21601899988017975,0.2509930922028919,0.29680483563182253,0.21252158905069032,0.43296631964234017,0.25431778813557077
Loop/1187,0.31396804644415777,0.3163860136643052,0.242616578269129,0.33592400638541825,0.49680483393215885,0.31500431671738627
Loop/1188,0.23667961979905763,0.528713298154374,0.3504317800824841,0.2825129540016254,0.4025906706849734,0.3777202033282568
Loop/119,0.2815630422128985,0.33583765123039483,0.30967184714972973,0.2909326440654695,0.44296200598279634,0.2481865264941007
Loop/1190,0.3070811764181902,0.4396804817020893,0.30466321150306613,0.2965457697554181,0.29058721812907606,0.24063040018081666
Loop/1191,0.1963730590728422,0.429317787848413,0.14822970391251147,0.19542314233258368,0.39080311072369417,0.3326856647307674
Loop/1193,0.3015759942277024,0.4902849743142724,0.508765111491084,0.25880829071005185,0.43860103903959197,0.29270293650527796
Loop/1195,0.276727115859588,0.3602979248700043,0.28281519704808794,0.25030224633713566,0.41683937625493855,0.2855785825289786
Loop/1196,0.43199481765429176,0.32202072342236837,0.3038428313409289,0.3772020695110162,0.42111398596316574,0.3316493964443604
Loop/1198,0.2965241806736837,0.47297063637524844,0.33078583776174736,0.28605354128715893,0.5037996586412191,0.2851899797252069
Loop/1199,0.3247409315779805,0.38678756618561844,0.30414507855505996,0.321373056123654,0.42841105566670495,0.25919689231862625
Loop/12,0.33415371055404347,0.18467184666078537,0.25120897954329846,0.27698618080466986,0.4955526728183031,0.33385146704191965
Loop/120,0.2456822091868768,0.32767702856411535,0.0839378235861659,0.15479274602451673,0.5444732294262697,0.1709844571383049
Loop/1200,0.42612262461334466,0.35125216115266084,0.421113991116484,0.2747841113557418,0.4299222848145291,0.3695595851323257
Loop/1201,0.2448618302276979,0.33234023817349223,0.21463730689138175,0.14499136557181677,0.4418825529050082,0.28562176153063773
Loop/1202,0.3209196887910366,0.3445164079312235,0.34253022781728454,0.35038860253989695,0.351079451222904,0.285837649491926
Loop/1203,0.2591968926601112,0.22167530174677572,0.22776338743666807,0.14844559684085348,0.3627806552375356,0.187953367534404
Loop/1206,0.39101899707069,0.43855786037941774,0.5129533687606453,0.3112694297606746,0.38143350491300226,0.2866148532368243
Loop/1207,0.3583765119236583,0.27508635356401406,0.31200344882284603,0.31761657955745853,0.3702504321622352,0.3366580287615458
Loop/1208,0.35705958530306814,0.3490500904309253,0.32560449310888845,0.33633419893061123,0.4467184786995252,0.3749568224263688
Loop/1209,0.3346934342135986,0.4988341934823742,0.39589810143224896,0.27331606259879965,0.3828151977000137,0.36835060285714766
Loop/121,0.3228411052376032,0.46886873675199847,0.4922279824813207,0.2852763390168548,0.5554404135172566,0.33583765191336473
Loop/1210,0.33031087747464577,0.3572107047153016,0.3849309153854847,0.3381692594538132,0.376727116232117,0.3097582054634889
Loop/1211,0.36431346870958803,0.46493955242137114,0.3746114003161589,0.3395941267721355,0.3981001754601797,0.25889464375407745
Loop/1212,0.3433937778075536,0.4771157206346591,0.4098445628769696,0.4137737470601375,0.4834412748614947,0.3135146809431414
Loop/124,0.40235319243123135,0.4284542311914265,0.3824050050694495,0.3249999993791183,0.4024179641933491,0.3119602759911989
Loop/125,0.3276338492209713,0.28678756346926093,0.24214162269296746,0.2910621746132771,0.4923575136810541,0.26092400605945537
Loop/128,0.27923143381873766,0.22836787651758642,0.2110967178363353,0.32314335045715176,0.4687823807820678,0.2562176161135236
Loop/129,0.3712003455807765,0.5458549215147893,0.4857512957106034,0.3610103618353605,0.49434369504451753,0.27599308925370375
Loop/13,0.30971502472336093,0.41860966980457304,0.356001729828616,0.21282383489112058,0.4592400649252037,0.22737478157505392
Loop/130,0.18473661774769426,0.4700993097076813,0.0971934370463714,0.17482728897593916,0.40928324807124833,0.20405872083889942
Loop/131,0.33870897988478343,0.3844127781378726,0.40004317834973335,0.3173143362626433,0.5237046631673972,0.35643350578223665
Loop/133,0.3199481844281157,0.38985319597025714,0.36852331589907406,0.29468912224595745,0.4492659762501717,0.3307426584108422
Loop/134,0.37538859869043034,0.36308290163675944,0.30332469611118235,0.3545768579623351,0.44525042789367336,0.3060880847585698
Loop/137,0.3996977554013332,0.43367875590920446,0.2188687350600958,0.2988341982786854,0.4452936122814814,0.39304835771520935
Loop/138,0.27335924170911313,0.33398099783807994,0.21809153694969913,0.20297927657763162,0.495120898882548,0.34365285085514186
Loop/139,0.1734024183358997,0.3604922294616699,0.07720207289482156,0.1740069094657277,0.4600604479511579,0.13091536946594715
Loop/141,0.3573834205667178,0.492918827260534,0.611614857117335,0.285621764883399,0.45980138262578596,0.23605353872602183
Loop/142,0.36573833888396623,0.3427029367536306,0.35919689394844073,0.36351467940645915,0.43626943258568646,0.37741796384410314
Loop/143,0.4114421434700489,0.4003022450953722,0.39391191402294984,0.38518998051683107,0.4195595823849241,0.40259067360311745
Loop/145,0.39434369280934334,0.41234887986599156,0.3941709823906422,0.37184801399707795,0.4942141608645519,0.34607081214586893
Loop/146,0.2886010364318887,0.4072538846482833,0.23445595943679412,0.27664075905146696,0.3983592421437303,0.31208981201052666
Loop/148,0.32983592301607134,0.3677892903176447,0.41450776979327203,0.3536701218535503,0.41640759954849876,0.32953367510344833
Loop/149,0.3022668401400248,0.39920121027777594,0.2081606199964881,0.2332901547662914,0.5911053508520127,0.33264248706400396
Loop/15,0.27059585189757246,0.3326424901684125,0.36848013699054716,0.33786701075732706,0.4834196865558624,0.27504318045297016
Loop/151,0.24222797870170326,0.31783246944348015,0.30388601107212404,0.25854922270712755,0.43985319646696247,0.27832469657684367
Loop/153,0.2803324698780974,0.45729706417769195,0.34455958356459937,0.24563903405020635,0.31960276134001714,0.3667098454820613
Loop/154,0.2731433497120937,0.34611399434506895,0.4742228005391856,0.17275475083539885,0.27780656415658694,0.15962866987101734
Loop/157,0.3115069064622124,0.4269861839711666,0.4588514685009917,0.3368739198427647,0.4254317760467529,0.33436960108422986
Loop/158,0.36580310550828776,0.29153713434934614,0.2101468033079679,0.27007772161935767,0.3548791010553638,0.264248704056566
Loop/16,0.03462867005728185,0.3869818653911352,0.0063039722153916955,0.04840241710965832,0.4319516456996401,0.06722797937691212
Loop/160,0.3741364451746146,0.39278929395756373,0.4515975852807363,0.30215889221678177,0.36908462904393674,0.311895509964476
Loop/162,0.3298143377527595,0.26433505785341066,0.34697755295783284,0.2528929193814596,0.4198618298396468,0.24702072471845896
Loop/163,0.3196243519584338,0.4312176185349623,0.3332469771616161,0.38570811885098616,0.43907599604378145,0.4393350640932719
Loop/164,0.15986614661912124,0.5455526792754729,0.18281519897282122,0.1779792740320166,0.5008635578056176,0.3230138172628358
Loop/165,0.3114853160455823,0.3977547495237862,0.33687392299373947,0.42685664451370636,0.42793609444051983,0.3362694310490042
Loop/167,0.20008635659857343,0.4589594160517057,0.1614853189016382,0.15354058683539432,0.4073834198216597,0.2618307449389249
Loop/169,0.3336787574614088,0.38139032853456833,0.3835492235142738,0.29024179715973636,0.4598445616662502,0.23393782485897344
Loop/171,0.3467184800033768,0.2845854913505415,0.2375647655998667,0.3754317780956626,0.3670984473079443,0.25440414507562914
Loop/173,0.15595854741986842,0.30623920732953896,0.13972366127030303,0.0894214164155225,0.3880829008917014,0.3359671864192933
Loop/175,0.37258204172054926,0.3957685684630026,0.29378238326559464,0.34550950007202724,0.40721070983757574,0.3931778905292352
Loop/176,0.32210708179821573,0.38678756438506146,0.45280656044681866,0.3946027661363284,0.5307858357826869,0.3430051813212534
Loop/178,0.3819516417259971,0.41977547485536587,0.4469991330600654,0.31951640552530686,0.4179188256695246,0.31057858565667024
Loop/179,0.32897236868739127,0.20202935927857954,0.22050949797655145,0.27007772118474044,0.34192573359857004,0.3923575147986412
Loop/18,0.32268998354362943,0.4750863551084573,0.5156735765204454,0.2104922292443613,0.4320379960661133,0.25639032817756136
Loop/181,0.4014248712298771,0.39170984584682933,0.22836787628475577,0.3609671836098035,0.557642490665118,0.3563471507281065
Loop/183,0.27763385031527527,0.31381692631791036,0.17616580199295034,0.32815198563039305,0.3152417935586224,0.20030224664757648
Loop/184,0.3226683909849574,0.4477979319790999,0.4209628674822549,0.3861183070888122,0.3936960258210699,0.21791882519610226
Loop/185,0.355138169725736,0.305138166838636,0.15695164191226166,0.379879101117452,0.3488341941187779,0.2288860109169036
Loop/188,0.21053540428789955,0.53424006861945,0.27223661094903945,0.15669257378516097,0.3244818676263094,0.33812608051424226
Loop/189,0.24961139584581057,0.3127374792859579,0.050000000007761024,0.2316925738627712,0.30941278014021617,0.16692573368394126
Loop/19,0.1934369614503036,0.4358376490573088,0.15604490553960204,0.1600604490377009,0.3773316057010864,0.33601036403949064
Loop/190,0.3531519890452425,0.4083333338300387,0.36472366079688073,0.35431779008358716,0.3502158908716713,0.40250431684156257
Loop/191,0.29065198500951134,0.2633851467786978,0.21075129218709965,0.22733160539064556,0.37694300431758165,0.2218048344987134
Loop/193,0.3534542332092921,0.41234887757649025,0.38223229771635187,0.2982728822777669,0.428626942075789,0.33359240281085173
Loop/194,0.3527202059670041,0.32353195243049415,0.2835492256795987,0.24844559795067955,0.39537996413807075,0.20021588897022108
Loop/195,0.37765544176412125,0.4983160631110271,0.28065630424922955,0.389421413714687,0.5029792745908102,0.36986182580391563
Loop/198,0.4011226210743189,0.30112262320083877,0.20664939543542762,0.2816493922844529,0.46273748353123667,0.4154145047068596
Loop/20,0.3087651157208408,0.4152849764873584,0.34602763373404744,0.3453367866575718,0.38346286651988826,0.2081174435093999
Loop/200,0.39827288190523785,0.28732728970547516,0.32219343998779854,0.39645941493411857,0.3731433538331961,0.35138169294999294
Loop/201,0.2728842820506543,0.3715889431536198,0.3372625225844483,0.33372193419684965,0.3628670115644733,0.3295336781690518
Loop/203,0.3243955104922255,0.4157167558868726,0.2913212428490321,0.45025906786322595,0.4340241781746348,0.36908462941646575
Loop/205,0.3617012105959778,0.27512953500263393,0.2543177889737611,0.35863557979464533,0.412478410359472,0.37711571605565647
Loop/206,0.15839809950751563,0.31442141452183325,0.22741796011881282,0.1683937810671826,0.5073834204425415,0.1938687394450729
Loop/207,0.32262521324058374,0.3808290139073506,0.4630397254601121,0.29525043331086637,0.4364853209505479,0.3216753002877037
Loop/208,0.4104490548372269,0.3162780683565264,0.2987910190752397,0.3579015548030535,0.40902417827552806,0.1793609656393528
Loop/209,0.27942573415736355,0.44525043341952064,0.22150259048988422,0.2761226274073124,0.34840241810306904,0.3293609659187496
Loop/212,0.36487478541675955,0.5004749588668347,0.274287566387405,0.38087219490359225,0.4257340257366498,0.41131261046975853
Loop/213,0.4246113975842794,0.38825561380945145,0.35250431740035615,0.3908031097302834,0.5047495714078347,0.3304835905631383
Loop/214,0.38193005373080574,0.37780656112978855,0.4495682211903234,0.30984456030031043,0.42733160307010015,0.3718480139039457
Loop/215,0.24386874139308928,0.3108808334528779,0.3151122635230422,0.17379102105430017,0.47288428296645485,0.19905008717129627
Loop/216,0.25114421381925545,0.39434369414423903,0.15630397159450998,0.2664939559996128,0.3884715005134543,0.30129533926956353
Loop/221,0.34965457431972025,0.3694732265702138,0.41550086525579294,0.4068221089895815,0.42366148680448534,0.3789291893520082
Loop/222,0.41036269245669243,0.43380829171898466,0.43246977726618446,0.42979274527169764,0.47167529774208866,0.3459412754823764
Loop/223,0.32936096700529255,0.3896373050054535,0.4447322986088693,0.3452072539677223,0.38518998386959236,0.32841105399032433
Loop/224,0.3590241796026627,0.508894648651282,0.5339378277460735,0.22305699524004013,0.41830742663393417,0.24287564880214632
Loop/227,0.3284110521276792,0.487305704333509,0.2625647661897043,0.2916666676135113,0.3993091517283271,0.3582901525000731
Loop/228,0.31193868766228355,0.2746977562705676,0.15224525133768718,0.2398100153853496,0.36472365994316835,0.3511226246754328
Loop/230,0.35142487204478434,0.2467184814857319,0.20505181176122278,0.3600172705637912,0.414119171227018,0.3230138162150979
Loop/231,0.3648316047464808,0.5066062184671561,0.35272020356108746,0.3177892886955912,0.5661053529630105,0.4562176161756118
Loop/232,0.2313471482989068,0.2724956805662562,0.23959412595722823,0.2586355791737636,0.5094127813664575,0.25807426500444614
Loop/234,0.3646373069534699,0.4536053570297857,0.3903281522138665,0.37504317905598633,0.4438687409584721,0.3349740901341041
Loop/235,0.31925734082857765,0.27879965243240196,0.35746977388237916,0.23540587122552098,0.4282815230389436,0.333246976758043
Loop/236,0.2952072534089287,0.501424870469297,0.41934369956919304,0.287694298569113,0.49263817071914673,0.24615716751043995
Loop/237,0.3041882558725774,0.3705958509196838,0.39455958909044664,0.16791882376031328,0.36895509416547917,0.39892055477636557
Loop/238,0.297215026927491,0.468911919866999,0.16161485508394738,0.2774611390195787,0.5115716730554899,0.4056778925160567
Loop/239,0.31841537104919554,0.44948186371475457,0.3259067345255365,0.27076856698064755,0.3606217642625173,0.34309153569241363
Loop/24,0.3490500844394167,0.3675734009128064,0.4249136410653591,0.33143350544075173,0.47335924208164215,0.33747841119766236
Loop/240,0.384563905497392,0.29162348969839513,0.2731433507675926,0.3455958550795913,0.4536701251442234,0.32426597413917385
Loop/241,0.42867012262965243,0.33808290095378957,0.44244386864205204,0.3937392047295968,0.47314335132638613,0.3546632101138433
Loop/242,0.33721934134761494,0.38877374629179634,0.3325129542810222,0.28626943472772837,0.4104058709926903,0.3961571679450572
Loop/244,0.3428324706852436,0.30695164037557937,0.4200777171102042,0.347193439801534,0.49054403776923816,0.3400690860735873
Loop/245,0.37569084440668427,0.42659758192797503,0.348229705914855,0.3518998266508182,0.5253454240659873,0.29840241625594593
Loop/246,0.19002590444870293,0.3997841104865074,0.1663644206011668,0.16187392014544458,0.315803107052731,0.27452504336833955
Loop/247,0.34723661315316956,0.2471502588984246,0.2808290174618984,0.35664939632018405,0.47042314112186434,0.3310880834702402
Loop/248,0.20500863523532947,0.30781519785523415,0.2899395497981459,0.21150690896126131,0.3526122631505132,0.20345423175022007
Loop/249,0.31679620312061163,0.21647236595551173,0.2626511204056442,0.3259067390114069,0.444386875629425,0.37072538857658704
Loop/25,0.3596718480189641,0.3494386850856245,0.32456821873784064,0.38074265836427607,0.42918825525169574,0.33674438561623293
Loop/250,0.37333765377600986,0.4254749545827508,0.3032383427179108,0.32236614922682444,0.38134714926903446,0.22012089675602814
Loop/251,0.2816925747009615,0.4993955086295803,0.42452504504472016,0.3260362703353167,0.3282815183668087,0.3433721963316202
Loop/252,0.3916666666045785,0.35759930734833084,0.4915803087254365,0.28825561199337246,0.47741796150803567,0.3229706340779861
Loop/254,0.16031951547289888,0.25746977323045334,0.24723661553580314,0.2194732300316294,0.30824697722370425,0.16394645889134457
Loop/255,0.26748704705387355,0.30172711714791756,0.2628670109435916,0.22854058537632227,0.49024179577827454,0.2756044914635519
Loop/256,0.13762953410235543,0.4585492211083571,0.10552677050388108,0.1477115735334034,0.3246545757477482,0.2535837657128771
Loop/258,0.2823834194180866,0.3991796237959837,0.4050086361976961,0.30172711742731434,0.44762521584828696,0.18013816989647846
Loop/26,0.24611398770163456,0.37284110570326445,0.49913644352927805,0.22962003499269484,0.42616580159713824,0.35686528409520785
Loop/260,0.3456822108477354,0.3435233167450254,0.28151986192290984,0.3353195190817739,0.5365716733659307,0.4037996525565783
Loop/262,0.3705095013293127,0.3775906751242777,0.3394214184333881,0.42037996601623795,0.3914939540127913,0.3555699475109577
Loop/263,0.19719343586669613,0.3281519878655672,0.15414507697181154,0.15746977375820279,0.2901554389235874,0.38113126208384834
Loop/264,0.424352330279847,0.36865285113453866,0.3391623470932245,0.41865284809221825,0.5016407604484509,0.38251295195271573
Loop/266,0.31737909990673263,0.2078583782693992,0.1399827284971252,0.27728842984264096,0.41528497313459717,0.22292745999681454
Loop/267,0.40457685527702175,0.30867875496235986,0.25449050050228833,0.41865285225212573,0.4814766874536872,0.37003454280396303
Loop/268,0.3256044903770089,0.44175302067305894,0.32741796288173647,0.27854058587302766,0.42918825695912044,0.32577720396220683
Loop/269,0.38952936145166556,0.44930915099879104,0.5059153670134644,0.2579879094380885,0.31515543957551323,0.22944732466712595
Loop/27,0.2911917109663288,0.5406303978214662,0.45215889513492585,0.26550086174781123,0.35060448994239174,0.4055699464554588
Loop/270,0.25531088080412395,0.4204663203408321,0.41835060020287834,0.2566062184050679,0.3902849731656412,0.23886010125279428
Loop/271,0.32888601006319124,0.3405008617943774,0.2164507762839397,0.33972366005182264,0.4267702930296461,0.43354922235012056
Loop/272,0.3322754753132661,0.37474093524894364,0.3263816939201206,0.36653713112076125,0.3513385144372781,0.30544041444857917
Loop/273,0.38467184963325657,0.39283247167865437,0.4345423130939404,0.391666666418314,0.5129101862510045,0.20492227803915739
Loop/277,0.22767703058198094,0.5340241803787649,0.2103195172191287,0.21493955032589535,0.3356217620273431,0.2773316050413996
Loop/278,0.432167532791694,0.42987910023269554,0.4131476662742595,0.4687392075856527,0.37275474791725477,0.3233160605033239
Loop/280,0.37936096722260115,0.37508635722721617,0.3742659739218652,0.2755613124308487,0.3069516400263334,0.2631692579947412
Loop/281,0.30345423246423403,0.373359242384322,0.41791882365942,0.36493955037246145,0.5886010333895684,0.2386010348641624
Loop/282,0.3354058727932473,0.31437824058036007,0.40902417873342833,0.2623920531400169,0.3471070810221136,0.2529360954028865
Loop/283,0.25492227971553805,0.3168393776984885,0.4490069108239065,0.26580310785987726,0.4611830744892359,0.3804835945367813
Loop/284,0.2925734031945467,0.353411054952691,0.3021588939707726,0.29853195349375405,0.423920554931586,0.2117659752567609
Loop/291,0.16226252106328806,0.39378238646313546,0.161614852057149,0.12430915516645959,0.44309154053529104,0.2678756503310675
Loop/295,0.23687391964097818,0.3499136433703825,0.20267702888231726,0.21623488844682773,0.40207253745757043,0.3732297051620359
Loop/296,0.3591753022473616,0.31813471419736744,0.16204663258977234,0.37068221109608807,0.41735751604040466,0.30133851276089746
Loop/297,0.25444732503965495,0.42012089900672434,0.35112262608793876,0.24585492246163387,0.44369602302710215,0.3951640742830932
Loop/299,0.3050949897617102,0.44684801759819187,0.24499136378678182,0.314550951992472,0.45811744295060636,0.3579015526920557
Loop/3,0.2773316018283367,0.5393782404406617,0.40142487025198836,0.26161485301951565,0.4371761670103297,0.29011226364721854
Loop/30,0.18836355696742732,0.3031088071875274,0.0858808298362419,0.19663212555460632,0.342012091477712,0.24175302314882477
Loop/300,0.2895509500677387,0.4265975836974879,0.5168825568786511,0.2344127814285457,0.45181347044805686,0.2550518131504456
Loop/301,0.37452504175404705,0.4813471495484312,0.36142055739959084,0.3323834200700124,0.4091105338186026,0.2570811747883757
Loop/302,0.32322970509218674,0.4312823831802234,0.266148532461375,0.3155872188896562,0.40423143717149895,0.2332037993784373
Loop/303,0.08842832379353543,0.46519861647393557,0.02888601055989663,0.08035405889774362,0.41783247056106726,0.053454230353236196
Loop/304,0.36252158948530755,0.4960708091656367,0.5540155477821826,0.2529792762671908,0.45889464765787125,0.1675302231994768
Loop/306,0.3009283245851596,0.475906735068808,0.5056347158737481,0.2869602779004102,0.47668393813073634,0.2835924032299469
Loop/307,0.3051813490067919,0.3434369592539345,0.4530224525524924,0.310103626564766,0.4140759909758344,0.22150259010183315
Loop/310,0.3648963757480184,0.44464594061331203,0.32392055342594783,0.33486614922682445,0.3690846323346098,0.3590673583249251
Loop/311,0.36221934407949447,0.26614853240704783,0.3215889458389332,0.32845423275915286,0.3987478398407499,0.46079447520896794
Loop/312,0.31627806400259334,0.4985319516311089,0.4088514683069661,0.35893782153725623,0.4563039741168419,0.430936960875988
Loop/314,0.35470639082292715,0.3470207282962898,0.48108808062970637,0.23877374691267808,0.5000431793897102,0.34784110710024835
Loop/316,0.2637089785033216,0.4435664928207795,0.2993523319562276,0.2554404132300988,0.3659326438481609,0.40854922036329905
Loop/317,0.35967184795687596,0.5230569956203301,0.392573398600022,0.272236615854005,0.34598445598967376,0.36558722040305536
Loop/319,0.5176597615083058,0.4118739182750384,0.5114421421041091,0.3360103620837132,0.5755181362231573,0.2739637329553564
Loop/32,0.2480138144843901,0.2941278115458166,0.14624352230069537,0.24917961917817594,0.5029792756463091,0.24581174639364084
Loop/320,0.34019861593842504,0.5135362702111403,0.2793609677348286,0.3546632142737508,0.3476683961149926,0.24702072385698556
Loop/321,0.3113773747657736,0.3895941259960333,0.32612262554466726,0.26584628587588666,0.4883419655263424,0.26522020624640086
Loop/324,0.3624352323512236,0.3139032827069362,0.26442141469257574,0.3151122628090282,0.328281521735092,0.35982297429194054
Loop/326,0.3240069095976651,0.3246977540353934,0.38786701248803485,0.27310017043879875,0.45712435270349183,0.3233160613104701
Loop/329,0.16977547488640993,0.2638169256504625,0.15790155508245032,0.15677892790796857,0.4690414503837625,0.19814335160578292
Loop/33,0.2435233152859534,0.4057858362173041,0.36450777190426986,0.263082900394996,0.45798790842915577,0.28972366362189256
Loop/330,0.1130829035032851,0.40345423311615985,0.04317789279545347,0.1059153716545552,0.22685664684201282,0.1394214160895596
Loop/333,0.3259499148776134,0.43398100025951863,0.4531303954000274,0.3378238340218862,0.33592400602065026,0.39421415856728953
Loop/335,0.35310880694693575,0.5304835955301921,0.4357512946551045,0.24974093462030092,0.4057426603510976,0.2648963720848163
Loop/336,0.15250431889047225,0.4731001749634743,0.10738341913868983,0.12815198597187796,0.42979274345561863,0.17962003443390132
Loop/337,0.38100172551348804,0.3402849747023235,0.3181778968777508,0.3374352295572559,0.42830310836434365,0.3320811741364499
Loop/338,0.26126942737028,0.34581174434473116,0.09810017311635116,0.18968048400711268,0.39831606108540046,0.2030224537011236
Loop/339,0.33376511360208194,0.34179620215048395,0.2706390329636633,0.34024179459859927,0.4510794463877877,0.3181347131729126
Loop/34,0.31273748017847536,0.209758203336969,0.1655872183929508,0.32491364777088166,0.3239637311625605,0.3342400696128607
Loop/340,0.21049222787842153,0.3233592399706443,0.2887305706739426,0.29326424847046534,0.5626079459985097,0.32202072255313396
Loop/341,0.3832901549836,0.40094991428777577,0.34926597884235283,0.23048359197564422,0.4351899828761816,0.31949481802682084
Loop/342,0.049438687064684926,0.5735319546268632,0.016105353894333044,0.055785837753986316,0.23955094991251827,0.036442141661730904
Loop/343,0.32107081189751624,0.43311744115004935,0.32776338734353583,0.3116364418218533,0.4138601048228641,0.24753886026640734
Loop/346,0.1786917071323842,0.5191709871093432,0.21878238171339034,0.15328151915067187,0.40556994614501796,0.27076856354251505
Loop/347,0.2623057020207246,0.45565630719065664,0.31424870259749393,0.2584628679479162,0.3626943005869786,0.29330742623036105
Loop/349,0.3812176140956581,0.35876511642709374,0.4234887751440207,0.3898100174963474,0.38678756206451603,0.3108376541174948
Loop/352,0.2912780673708767,0.4360967171688875,0.3560880864194284,0.2644214171140144,0.466666667163372,0.23022452797740697
Loop/353,0.3782383425626904,0.3800086388364434,0.34477547531326613,0.3363557872672876,0.38864421223600704,0.4620898086577654
Loop/355,0.26295336422820886,0.3269645921265086,0.3404576864481593,0.2657599320479979,0.4212867051362991,0.32854058655599755
Loop/356,0.30919689231862624,0.5645941281070311,0.2923575108094762,0.3064335041369001,0.46891191639006136,0.3416666659216086
Loop/358,0.2778497410317262,0.38860103650949895,0.2047495705463613,0.30250431591024,0.39667530183990796,0.2587651134779056
Loop/359,0.33326856487741074,0.3604058716290941,0.1946027649488921,0.209671849780716,0.39460276464621225,0.37029360855619115
Loop/360,0.28855785940152906,0.1919257319299504,0.29900690712966027,0.3347582020564005,0.27184801318993174,0.28847150423874457
Loop/361,0.29108376373381667,0.45030224720637,0.1512089805677533,0.2504317779093981,0.4063039698948463,0.20708117503672838
Loop/363,0.3879533704991142,0.37025043113778033,0.19892055024392902,0.3586355801361302,0.39835924059152605,0.25185665011716385
Loop/364,0.38935664954284827,0.4431778919262191,0.319386876684924,0.3398963713630413,0.3914075981204708,0.3484024203692873
Loop/365,0.3154145060107112,0.5045336787899335,0.2750431758196404,0.29503454081714153,0.40297927471498646,0.32754749652619164
Loop/366,0.36407599250475564,0.36314767071356374,0.29244386857996385,0.3883851525063316,0.5124999994412065,0.26321243271231654
Loop/369,0.2117875657044351,0.3464594129395361,0.30906735875954233,0.22685664808377623,0.3615716742972533,0.43484455946212014
Loop/376,0.33339810396234193,0.6218911901116371,0.5084412758549054,0.33402417760031916,0.328842831030488,0.23320379992946982
Loop/379,0.20898100074070194,0.414443006614844,0.1060017273761332,0.15034542417464156,0.36848013463119667,0.16217616580737135
Loop/38,0.3980569922520469,0.368307426944375,0.26882556029595434,0.39317788866659004,0.5125647646685442,0.3911917090105514
Loop/380,0.398445592323939,0.31252158706386884,0.30841968953609467,0.34930915478616953,0.38583765427271527,0.37897236524149774
Loop/381,0.3181778894116481,0.3795768576363722,0.39766839469472565,0.34244386948024236,0.4256692573428154,0.3372625209391117
Loop/382,0.34503454267978667,0.33380829052378735,0.304835926524053,0.3137737473472953,0.3696891166269779,0.2922711560269818
Loop/383,0.318652846912543,0.2996545751423885,0.30958549412122616,0.31778929208715756,0.41744387124975524,0.29879101789556445
Loop/385,0.36986183126767475,0.3351036288465063,0.26463730472605673,0.33406735891476275,0.4101468047748009,0.28156303820821144
Loop/386,0.348704660218209,0.38866580309501536,0.4782383405060197,0.3123488750696803,0.46148531772196294,0.37171847820281984
Loop/387,0.2504317787786325,0.41178756079946954,0.3951424887481456,0.2446459404192865,0.38428324783841766,0.27059585188205043
Loop/388,0.378108806659778,0.2085060460570579,0.19304835855339963,0.24395509474755575,0.34650258817709984,0.3052245271702608
Loop/389,0.4103411051289489,0.41256476656223334,0.3235751272800068,0.3015544046026965,0.3404145056769873,0.3391623456574356
Loop/390,0.3221718467772007,0.48531951596184325,0.2913212446651111,0.31485319587712485,0.5121113973359267,0.3189119211708506
Loop/393,0.392400693683885,0.5318221022685369,0.4940846343835195,0.2862694326788187,0.35043178172782063,0.21619171102841694
Loop/394,0.331347148725763,0.6131260775029659,0.547107082977891,0.25911053218878805,0.3160189982503653,0.3795768545940518
Loop/395,0.32838946549842757,0.37966321129351854,0.15220207354674736,0.22569084571053585,0.4704663157463074,0.2715457699261606
Loop/396,0.2908894638841351,0.4665803126835575,0.31925734082857765,0.25073402368774017,0.58551381478707,0.41468048418561615
Loop/399,0.3265112249801556,0.44736614879220726,0.3443005169120928,0.31826424981312207,0.43018134677161773,0.339766838401556
Loop/4,0.38160621554901203,0.3645941264927387,0.40949913722773396,0.28018134566955266,0.46830742433667183,0.36601899918168784
Loop/400,0.2831822123999397,0.34175302324195705,0.1939766852495571,0.18868739270449927,0.4345423135285576,0.23523315864925584
Loop/401,0.34201209247112274,0.34887737307387096,0.25975820526946336,0.2832901573429505,0.40379965292910736,0.3587219354386131
Loop/404,0.3742875657975674,0.4071891182179873,0.3785837652239328,0.3146373069534699,0.4537564810675879,0.2904576857884725
Loop/405,0.30043178126215936,0.3558721908678611,0.3272452525406455,0.24486183164020378,0.5177892923355103,0.24840241800993682
Loop/406,0.3781951653305441,0.21921416224601367,0.2813039730070159,0.2704663193474213,0.4240932641395678,0.39261657996103166
Loop/407,0.29637305440070727,0.5227547511458397,0.1996545768653353,0.2671416229257981,0.3898100168444216,0.25021589069316785
Loop/408,0.28555699257800976,0.39952504076063633,0.14438687362708152,0.22569084455414365,0.40293609459574026,0.3367012074838082
Loop/409,0.2537564763178428,0.43566494310895604,0.4458549207697312,0.27966321202305455,0.3772020697593689,0.2690414489867787
Loop/41,0.3526338556781411,0.29084628683825337,0.3791450757533312,0.36813471528391045,0.5318221087257068,0.3715025906761487
Loop/413,0.34378238059580324,0.3097582045476884,0.5269430003439387,0.22560449081162612,0.5468911920984586,0.36282383354070286
Loop/414,0.3959844559431076,0.3481001716417571,0.26468048435635866,0.37430915410319965,0.49499136706193286,0.3123056977909679
Loop/415,0.4179404112199942,0.39680483353634677,0.3085924044251442,0.3725388598938783,0.3746113987018665,0.33898963953057926
Loop/416,0.28337650826821725,0.30168393862744175,0.39330742331997803,0.2769861845920483,0.3882772024100026,0.23950776851270347
Loop/417,0.20174870503445466,0.206519862714534,0.05820379954917977,0.19248704500496389,0.45664939501633245,0.16157167688943447
Loop/419,0.34930915509661037,0.32616580651762583,0.33324697635446987,0.3030224531888962,0.4231865289310614,0.29080310904731355
Loop/420,0.44458117385705315,0.24507772038535525,0.32556131420812257,0.31744387005455793,0.4482728887349367,0.24382556068400543
Loop/423,0.34123488528033097,0.4961787573993206,0.3385146803688258,0.2614421439667543,0.4196027654145534,0.27648963481963923
Loop/425,0.30276338395973046,0.38566493627925713,0.2210276334779337,0.24667530258496603,0.459585490791748,0.3715457665423552
Loop/427,0.3968264242013296,0.4623056958739956,0.29615716805371145,0.3637089819957813,0.462564765716282,0.31407599166656536
Loop/428,0.32167530059814453,0.5561312602212032,0.3539723628511032,0.33721934383114177,0.4576856657241782,0.31588946574678023
Loop/43,0.26293177902698517,0.302245251275599,0.34015544125189384,0.25474956651063013,0.3559585478156805,0.3491796216617028
Loop/431,0.41575993187725546,0.4142918860229353,0.2987262500993287,0.2974093270798524,0.5139896353085835,0.31342832626154027
Loop/432,0.36826424865672985,0.31429188391193746,0.17879965558337668,0.4079447319110235,0.4523316077888012,0.2388169288014372
Loop/433,0.3524611392368873,0.5190846273054679,0.4957253859688838,0.3086787562817335,0.4390759907352428,0.2590673577040434
Loop/434,0.40958549538627265,0.344041447651883,0.40444732290537405,0.3915803097188473,0.38825561267634234,0.2799222812677423
Loop/435,0.2503885990319153,0.4474093270798524,0.16865284933398167,0.21083764863045265,0.43812608073155085,0.20993091561831534
Loop/436,0.46360103636980055,0.4427029391750693,0.4340673559655746,0.3495250420644879,0.4906303976972898,0.29999999854092796
Loop/437,0.27949050068855286,0.41053540459834037,0.3535837677307427,0.2465457698330283,0.41062176215151946,0.34088946593304476
Loop/438,0.3403713301134606,0.4609671890735626,0.30397236670056976,0.3290587229343752,0.4742659772435824,0.3782383447280154
Loop/439,0.246049223964413,0.4857944750537475,0.4809585521618525,0.18100172691823294,0.2975388614150385,0.20949913597044845
Loop/44,0.11588946691869448,0.5060880851776649,0.15401554393271605,0.11735751320763181,0.3731433528009802,0.23480138077090185
Loop/441,0.3771157145500183,0.3630828999836619,0.45330310650169847,0.36860967315733434,0.4373920526355505,0.3153065631786982
Loop/442,0.25556994987030823,0.2883851438838368,0.25833333358944705,0.22379101815943916,0.4245250419403116,0.28415371670077244
Loop/443,0.24492659700723987,0.27754749547845375,0.08812607874472936,0.24145077606663107,0.30915371620406706,0.24386874095847208
Loop/445,0.3382124351958434,0.4238341963849962,0.38242660004179924,0.37249568281695244,0.4780224512020747,0.3670984454452991
Loop/446,0.3503885990474373,0.3909758218874534,0.30479274548900626,0.35608808311323326,0.4147236627837022,0.3417530234903097
Loop/447,0.17085492173209788,0.4036917116492987,0.21765975700691342,0.14658894567595174,0.5066925704479217,0.27245250426543255
Loop/448,0.33717616625751057,0.4872193448866407,0.3212435235735029,0.28523315927013754,0.3055699502894034,0.30397236649878323
Loop/449,0.275734021452566,0.246373056829907,0.2867875647731125,0.273402415914461,0.44896372792621453,0.2918393780477345
Loop/450,0.21066493956993024,0.5348877390225728,0.2544041448583206,0.21614853429297606,0.5400690869583438,0.2470207239035517
Loop/451,0.37711571479837097,0.4602331622193257,0.2784110534315308,0.3357081200927496,0.45220207373301186,0.3456390325600902
Loop/452,0.2926597598319252,0.35129533242434263,0.2604058714738737,0.3708549217320979,0.3690846295716862,0.36571675464510917
Loop/453,0.29283246702204146,0.42487046824147306,0.23765112236142158,0.3190414497939249,0.39205526852359374,0.3504317788174376
Loop/454,0.3743523295347889,0.3934801379839579,0.34490500764610865,0.3476683924595515,0.40582901301483315,0.17551813493482768
Loop/455,0.25829015342363465,0.44110535126334677,0.4074265982878084,0.29438687407722075,0.3003886035643518,0.28950777057713517
Loop/456,0.36329879189531006,0.2139032812168201,0.19101899715606124,0.38367875628173354,0.454922282602638,0.2775043179281056
Loop/457,0.3274611395628502,0.5219343714416027,0.3863773798259596,0.2797927455355724,0.34425733887280024,0.3327288428787142
Loop/458,0.38933506061633427,0.4527633858999858,0.4177892883618673,0.3573834226777156,0.4414939541369677,0.2843696002382785
Loop/459,0.17197754830898096,0.4364421435787032,0.34296200598279636,0.17504317623873553,0.48419688964883484,0.29032815210521223
Loop/460,0.33829879214366276,0.51515543696781,0.2623056975270932,0.2895077731149892,0.47538860033576685,0.2814335056891044
Loop/461,0.3601036248107751,0.3753022461508711,0.3745250441133976,0.31645077746361494,0.3256908449654778,0.33704663316408795
Loop/462,0.3904576881711061,0.36951641223859044,0.24261658186248194,0.3477979272371158,0.49537996674577395,0.3734455977876981
Loop/463,0.44663212324182194,0.34253022506212194,0.24002590761519968,0.35556994726260505,0.4502590667378778,0.3875215891050175
Loop/464,0.3841105346257488,0.5412780652443568,0.4912348881363869,0.4166234916696946,0.3996329891184966,0.23592400449949005
Loop/467,0.0638169262635832,0.5273747829099497,0.05449050023065259,0.057901554624550045,0.44209844718376795,0.11049222891839842
Loop/468,0.3382987908863773,0.24727979145633677,0.33596718509991963,0.45142487188180286,0.47400691266326855,0.24274611168851454
Loop/47,0.2971070822328329,0.3993523315836986,0.4690846248374631,0.2735319507308304,0.4813039734959602,0.3978842821593086
Loop/470,0.3962003472571572,0.2169257356474797,0.3441709872335196,0.38350604409351946,0.3823834179590146,0.2960276362486184
Loop/471,0.32743955447804185,0.4511226251876603,0.38436960155765215,0.3070379965317746,0.4361398930040499,0.3344127821425597
Loop/473,0.2971070796251297,0.4612694311421365,0.37806563364962736,0.280699481566747,0.49119171205287177,0.28415371301428727
Loop/476,0.20336787577252835,0.4258851448073983,0.06489637293852865,0.08721934367592137,0.3026770283778509,0.20854922341338047
Loop/477,0.15971502624452114,0.445811743560868,0.03683074230793863,0.13018134727608413,0.3909758220737179,0.15224525007264067
Loop/481,0.12638169221269588,0.31558721798937767,0.16286701432739695,0.10306562974583358,0.3428324684500694,0.2445595869484047
Loop/482,0.298963732800136,0.508203799277544,0.2779360942542553,0.3234455963286261,0.49999999459832906,0.41230569357673325
Loop/484,0.1712867015041411,0.55319516309537,0.09887737456398706,0.11079447423884024,0.42962003921469055,0.15954231613626083
Loop/487,0.3756476661811272,0.3708549241690586,0.3723229671207567,0.3734455965459347,0.4541450819000602,0.317702936163793
Loop/488,0.3205526754260063,0.36666666589832553,0.32137305702393254,0.3462867031494776,0.45833333482344946,0.3161485319336255
Loop/489,0.312132986014088,0.27016407729436953,0.2498704659131666,0.3636442141607404,0.473877376349022,0.33344128175328175
Loop/493,0.3766407586634159,0.4252590676769614,0.3131044910599788,0.31610535622263947,0.322884285915643,0.3312607968303685
Loop/495,0.3037996559714278,0.4568221054971218,0.414421417315801,0.3947754744440317,0.48622625606755415,0.32266839385653534
Loop/496,0.43665803149342536,0.48251295713707804,0.33791019149745505,0.3744818644132465,0.47094127571520705,0.2547927475146328
Loop/497,0.14278929283221561,0.44214162599916257,0.1311312595382333,0.12258203808839123,0.35224524871446194,0.17387737603858114
Loop/498,0.32543177977204324,0.35246113981120286,0.28847150192596016,0.30794472989315785,0.40803108823796114,0.35686528322597344
Loop/5,0.44041450396180154,0.3185233172029257,0.22387737701646984,0.4474093273282051,0.376705526933074,0.37141623558321346
Loop/50,0.2843264264985919,0.42223661616444585,0.389075992256403,0.36960276449099183,0.4267702919741472,0.32128670140324783
Loop/500,0.32951208812495075,0.36532815111180145,0.20401554450703163,0.31869602712492145,0.39740932571391263,0.31835060197239123
Loop/503,0.3511658032735189,0.392271156453838,0.27862694369784247,0.37176165845400344,0.4297495674031476,0.32871329511205355
Loop/505,0.3873920552432537,0.43911917048196,0.4135578582684199,0.36506908528196313,0.42210708192239205,0.3635578581442436
Loop/508,0.15006476659327744,0.4761873907099167,0.23018134906888008,0.10561312520876527,0.4007340231910348,0.23147668086457998
Loop/510,0.2655008645107349,0.271891192967693,0.22240932401424895,0.23354922210176784,0.4037996597588062,0.36442141339648515
Loop/511,0.4014248689636588,0.45664939543542765,0.18208117534716925,0.2976252168727418,0.5455526767919461,0.33367875510205824
Loop/513,0.3903713299582402,0.30729706585407257,0.35807426578054824,0.41718480133761965,0.5637305750201146,0.3126943025738001
Loop/515,0.1680483587163811,0.4154145087425907,0.07780656343481193,0.18721934504962215,0.2822538868834575,0.13454231286110976
Loop/516,0.34727979137872655,0.3669257317048808,0.27180483627598734,0.32215026083091897,0.40613126133879024,0.29930915421185394
Loop/52,0.3333333312223355,0.5257772053436687,0.3899395478889346,0.27754749621575076,0.43557858231166996,0.22171847838908434
Loop/520,0.38557858765125275,0.27452504261552046,0.25867875821422787,0.3624352319166064,0.4713082892820239,0.3943868746360143
Loop/521,0.22189119417841235,0.35155440255378684,0.17029361001526316,0.20513816914365937,0.3045768568913142,0.2229274618672207
Loop/522,0.22202072410533827,0.31101036618153255,0.1786269446834922,0.23372193371566632,0.40690846033394334,0.2124784110269199
Loop/524,0.46908463090658187,0.5115716694543759,0.5255613098541896,0.31450777041415373,0.48808290051917236,0.27206390514814605
Loop/525,0.2719775481770436,0.3942573433586707,0.19574697713057201,0.20872193484877546,0.4557858375211557,0.24684801151355107
Loop/527,0.32648963600707553,0.3110967174638063,0.45051813600584867,0.43791018761694434,0.4589810001819084,0.3275474959984422
Loop/528,0.2403929186441625,0.4943221092224121,0.3680051808866362,0.19257340331872305,0.3789291889717182,0.17499999918509274
Loop/530,0.2962003443390131,0.5035837668459863,0.5922279839714368,0.2784974074456841,0.36848014071583746,0.2574697754811496
Loop/532,0.47784973805149394,0.35526770224484305,0.2880829016367594,0.3831174443165461,0.5524611428380013,0.3508635548253854
Loop/533,0.1663428300836434,0.4210276362330963,0.05250431719856958,0.14417098533983033,0.38186528471608955,0.13868739146273584
Loop/535,0.36791882452865443,0.44974093469791115,0.3693436982265363,0.3676165792470177,0.4203367905070384,0.39639464286156
Loop/536,0.3851683927079042,0.5394861864546935,0.4423575141777595,0.23929188228212298,0.31260794539315007,0.2720639013995727
Loop/537,0.27091968891521295,0.28164939891236523,0.21377374794489393,0.22897236685579023,0.45194300102690854,0.2621329897393783
Loop/538,0.24207685521493355,0.3364853172873457,0.09974093223766735,0.21291019174580772,0.399784109609512,0.35179188201824824
Loop/539,0.27869171104393897,0.42348877153514575,0.20129533632813643,0.25233160741627214,0.44451640602201226,0.17832469772547482
Loop/540,0.2653281492491563,0.2801381670093785,0.25487910173057265,0.2784542319830507,0.415198619912068,0.38272884145068625
Loop/543,0.3647668406367302,0.4373920540014903,0.3549654570718606,0.3160621783696115,0.580354064454635,0.3189550936842958
Loop/545,0.32737478613853455,0.3292746112604315,0.3630829016057154,0.3463730572412411,0.33350604654600224,0.3807858378936847
Loop/546,0.3514464568113908,0.3563039727509022,0.27310017179697754,0.3013816931595405,0.4607944721976916,0.3693005186816057
Loop/548,0.2990500873575608,0.4930051774485037,0.3209412795569127,0.21627806661029655,0.38829878863568107,0.2341105341988926
Loop/549,0.2926813506831725,0.36955958576872944,0.12750431718304753,0.19443005379289388,0.39961139804994067,0.35254749476443975
Loop/55,0.2676381702845295,0.3371761676234504,0.13035405873476216,0.3298359226435423,0.39550949455394097,0.2733160639492174
Loop/550,0.37845423159499963,0.2925302235875279,0.2819516388621802,0.3186528493805478,0.4306131301447749,0.46921416542803246
Loop/552,0.31357944605406374,0.4864421389143293,0.31537133327995737,0.27953367941081525,0.45984456315636635,0.3425949891408285
Loop/554,0.33933505951426923,0.26830742886910836,0.350647669355385,0.3301813499381145,0.4632124376172821,0.43812608271837233
Loop/561,0.3591105347421641,0.47672711263100304,0.3857081163674593,0.30837650916849574,0.45103626841058336,0.3582469761371613
Loop/565,0.35371329796810946,0.4226683937013149,0.3405872204961876,0.35306562998642527,0.47879965727527934,0.3143134725590547
Loop/568,0.25816062080363433,0.5664076042361558,0.39093264133358996,0.19589810060958068,0.3603195157755787,0.28467184692466013
Loop/569,0.15833333627476046,0.20418825542243818,0.07724524997950842,0.15405872385017574,0.33471502812268833,0.31843696211775147
Loop/57,0.4107944756435851,0.41316925710998476,0.3996114034593726,0.34395510027340304,0.4069516422847907,0.31416235010450083
Loop/570,0.21057858450803907,0.4260794493059317,0.13894645888358353,0.13635578604880721,0.28765112325393905,0.19360967164393514
Loop/571,0.3430483583981792,0.4519430031379064,0.43398100054667643,0.3003454225991542,0.25375647459489603,0.1256044924724847
Loop/572,0.3769861854923268,0.3117875674118598,0.2655440430001666,0.3612694278359413,0.4896373036938409,0.37728842967965953
Loop/573,0.3285621757929524,0.36701208553276954,0.37482728991502273,0.2833765106896559,0.45608808025717734,0.3509067333613833
Loop/574,0.35729706517110266,0.42677029566839336,0.45172711461782455,0.2969559562392533,0.30742659824124224,0.23760794438421726
Loop/577,0.24283247056106727,0.2744386873130376,0.33963730136553444,0.253540585655719,0.3482728857547045,0.2201640767666201
Loop/578,0.18791019142760584,0.5853195145726204,0.0954663208608205,0.1458117449268078,0.3803972332427899,0.15267702968946348
Loop/582,0.3443868758932998,0.4394214149564505,0.2394214164465666,0.40133851729333403,0.4142487003778418,0.37348877592012286
Loop/583,0.215241795219481,0.49114852932592235,0.29032815443351867,0.177763386676088,0.49706390450398125,0.2658031104598194
Loop/585,0.2427245259905855,0.2821675303702553,0.3041450769485285,0.1840673571297278,0.35341105436285336,0.24205526777077466
Loop/587,0.2750431798398495,0.2937823840184137,0.11748704662701735,0.3134715013826887,0.4785405861834685,0.44861830663867297
Loop/588,0.282858378207311,0.4142487039168676,0.44149395550290743,0.33890328047176205,0.43428324760558706,0.4344991362343232
Loop/589,0.33791018606474005,0.33056994987030824,0.22033678886170188,0.2718911926262081,0.39736614680538573,0.14697754710602265
Loop/59,0.2944300507505735,0.3327720228582621,0.5415803110847871,0.3411053521481032,0.4309585495541493,0.25423143431544304
Loop/590,0.27061744350939987,0.41196027702341476,0.2376943029773732,0.20228842811193318,0.4628670117507378,0.27331605833023787
Loop/592,0.3231001704310377,0.1686528513673693,0.20781519703256587,0.3218911916638414,0.26783246971511593,0.31601899887124696
Loop/594,0.26329879158486924,0.4819084631589552,0.31196027842039864,0.23527633858223757,0.43613989899555844,0.27271157124390205
Loop/597,0.37284110523760317,0.4401554390555248,0.4329015521487842,0.3635146806637446,0.41174438831706844,0.42888601205001275
Loop/598,0.27836787526806195,0.39710707794874905,0.4808721949035923,0.2193005186971277,0.40276338495314123,0.19827288517262787
Loop/599,0.2904360957443714,0.4550518138955037,0.382124352028283,0.28864421720306077,0.4557426622447868,0.30578583736593523
Loop/6,0.3252158901343743,0.3057858390112718,0.33000863292254506,0.3628238322213292,0.44917962128917377,0.4692141617337863
Loop/60,0.38018134733041126,0.4175302242860198,0.4424870485439897,0.345034541003406,0.41038428296645485,0.37469775366286434
Loop/602,0.1075129522010684,0.2790155435136209,0.1512521590028579,0.13100172767881305,0.46886873692274095,0.2846286719975372
Loop/605,0.33803972142438093,0.27340241679921745,0.2797495673100154,0.360837646573782,0.4377374773534636,0.32141623652229706
Loop/606,0.44671847894787786,0.2711139877249176,0.24982728871206442,0.35531087840596837,0.3497409337277835,0.2705526798420275
Loop/607,0.2683721943447987,0.3660621730610728,0.09779792729144295,0.2436096719155709,0.48652849942445753,0.17599309095336746
Loop/609,0.24898531927416723,0.41908462704935423,0.169343696301803,0.1658031087446337,0.4616148552857339,0.278583764222761
Loop/610,0.2513816932216287,0.5791882562761506,0.2792314336945613,0.19693436961000163,0.19399827207283427,0.3332901583363613
Loop/611,0.17936096641545493,0.23575129709206522,0.18665803058538585,0.24848877512849868,0.31973229236124706,0.22469775469508022
Loop/615,0.2642918835704525,0.4038860114912192,0.29378238326559464,0.2187823835760355,0.44335060492157935,0.3584196910262108
Loop/616,0.23721934189864743,0.19451640876941384,0.08363557775349667,0.26014680753772457,0.45686528346656513,0.2548790999998649
Loop/617,0.3520293589060505,0.5844127823909123,0.3913644216954708,0.30479274682390195,0.4464162296848372,0.3725388585900267
Loop/62,0.32340241807202497,0.48212434773643814,0.5726252178351084,0.3104922267297904,0.48531951730449996,0.3333333346915121
Loop/620,0.38782383215924104,0.365241799193124,0.348747843131423,0.31597582225998244,0.44641623546679815,0.4119170976181825
Loop/621,0.32929620013261834,0.5159326413025459,0.2899827272941669,0.3358376517891884,0.42301381640136243,0.33341968978444736
Loop/623,0.3451640768907964,0.5104490411778291,0.5542746101816495,0.3471286694208781,0.3361398924763004,0.2036269422310094
Loop/625,0.3957253860930602,0.2974525014869869,0.36653713347235073,0.35112262666225436,0.3680915366237362,0.3201640773952628
Loop/626,0.4216753026780983,0.3730569961170355,0.40682210916032396,0.4481865272546808,0.49674006793648007,0.5151554400722186
Loop/627,0.34512089701990284,0.4056131239359578,0.31057858327403665,0.31632124396661915,0.4377374770740668,0.40466320974131426
Loop/629,0.32124352306127546,0.3391623474657536,0.35004317909479143,0.295854920707643,0.5157167494297028,0.3412780666102966
Loop/63,0.37888601173957187,0.3299654608980442,0.24287564770008127,0.31537133077314744,0.4900690823793411,0.27586355737100043
Loop/630,0.366558721413215,0.49969775875409445,0.6175302242239317,0.3256908463003735,0.38683074004948137,0.3359671870867411
Loop/632,0.14652417925341676,0.45729706444156665,0.09378238244292637,0.14283246997122964,0.266062175296247,0.24119170806370677
Loop/633,0.12534542282422384,0.3993523308231185,0.29537996868602934,0.10513817102958758,0.3827720203747352,0.16947322792063158
Loop/634,0.2846934357037147,0.21044905142237744,0.14645941169777263,0.3232297068849827,0.401424865424633,0.19732297165319324
Loop/637,0.2450129555227856,0.25803108837765953,0.13458549413674822,0.23501727202286324,0.3392487045377493,0.313946461941426
Loop/638,0.26152849743763606,0.31990500853862613,0.19507771936866145,0.2743091526906937,0.519905009244879,0.38449913791070384
Loop/639,0.4027417966475089,0.49054404149452846,0.3513385167345405,0.3015544054408868,0.43976683740814526,0.35552676767110825
Loop/641,0.31580311165501673,0.3188255642851194,0.28536269372949996,0.3609240062534809,0.4857512959589561,0.23743523055066665
Loop/642,0.33376511335372927,0.47361831180751324,0.30738341957330706,0.2502158899946759,0.4715457714473208,0.2709844570917388
Loop/644,0.26817789239188033,0.3936096720397472,0.2176165819556142,0.21791882396986087,0.47888600748653215,0.33341968717674414
Loop/645,0.20725388495872418,0.34917962228258453,0.4040155440568924,0.19063039881487687,0.5804835930466652,0.2347150234117483
Loop/646,0.27357512986442695,0.3376511222838114,0.15470638807552556,0.213341969368048,0.3120898083473245,0.32962003362675507
Loop/647,0.3056563035895427,0.39253022201980153,0.40699481992051006,0.22167530252287784,0.41286701324085395,0.24188255531092484
Loop/650,0.2886010331722597,0.19693437043266993,0.2654145061969757,0.32279792887469133,0.3648963735361273,0.2807426611582438
Loop/651,0.2742012061799566,0.4553972310386598,0.3129101919631163,0.2258203805424273,0.3845423126903673,0.3226683941359321
Loop/653,0.3799870453774929,0.4257772006249676,0.3489637337935468,0.3449913650751114,0.36234887869407734,0.3523316031942765
Loop/654,0.2815198612088958,0.448272884140412,0.1652417961973697,0.23721934262042244,0.3970207280168931,0.23484455828244488
Loop/657,0.41373056968053185,0.38022452478762714,0.4242659774298469,0.3771157168472807,0.35595854663600524,0.3685233185067773
Loop/659,0.3204231423093006,0.3639032798741634,0.43415371092657246,0.41394645761853704,0.4756044909358025,0.320552676760902
Loop/66,0.3536269455527266,0.3774179630447179,0.41886873804032804,0.32780656282169124,0.47262521224717297,0.31031951804179697
Loop/660,0.36964594187835853,0.3571243532390023,0.16658030920661987,0.3010794438421726,0.4700777227679888,0.22854058706046393
Loop/663,0.30833333420256775,0.4027633850229904,0.2408031089619423,0.30613125922779244,0.4575993060755233,0.3614853203917543
Loop/664,0.3124784100179871,0.509455959747235,0.30721070791284244,0.3639896367986997,0.5107081193787356,0.26735751157005627
Loop/665,0.414961139857769,0.4384715018173059,0.3515975835422675,0.277007769420743,0.48126079713304837,0.2892487055932482
Loop/666,0.247107081177334,0.38767271128017455,0.17974956935892503,0.301338514049227,0.36053540601084627,0.19598445765053232
Loop/668,0.33387305662035943,0.3295336831205835,0.16390328019236525,0.33290155537736915,0.4127806581556797,0.29982728889832894
Loop/669,0.3292746080085635,0.42003454187264044,0.3422711534580837,0.32707253997214136,0.5468480162632962,0.40639032820860543
Loop/67,0.4156303972005844,0.34892055036034436,0.2767702914386367,0.3348445604244868,0.4808506077776353,0.2968911906704307
Loop/672,0.29693437231083714,0.2712003459688276,0.19451640710855525,0.3603195193534096,0.45716753030040613,0.274611397801588
Loop/675,0.2293609659653157,0.5204231448471546,0.29758203962507346,0.19261658114070693,0.3277633880575498,0.32314335107803344
Loop/676,0.25725388472589356,0.4420120937904964,0.1894214153289795,0.2528497389440114,0.4117012093464533,0.23644214229037364
Loop/677,0.3062607964500785,0.518415375923117,0.546243522875011,0.3352331611327827,0.4642487054069837,0.2693436983196686
Loop/679,0.26930052048216263,0.22944732362714906,0.05949913704146941,0.19814335107803344,0.373618305218406,0.2462435241555795
Loop/68,0.3303972334911426,0.1752158891564856,0.21636442098921785,0.307901556789875,0.33039723919549335,0.34192573595792053
Loop/680,0.3439119171351194,0.5234455960492294,0.5205094998081525,0.2836355804776152,0.3230138179147616,0.22120034452527762
Loop/681,0.34935233065237603,0.46403281587020806,0.2742659757534663,0.2924438658480843,0.5407167501747608,0.2522884290665388
Loop/682,0.3000431759360557,0.33670120833752054,0.4833333336127301,0.3300086371600628,0.5100604490687449,0.27249568396558366
Loop/683,0.3501511191949248,0.3579879071563482,0.44063039248188335,0.41537133045494556,0.37797927474603055,0.3024611413789292
Loop/684,0.33121761387834947,0.3070811766044547,0.1793177870490278,0.2995250428871562,0.43898963468770186,0.32776338619490464
Loop/686,0.3050949888303876,0.5852763419349988,0.2790155441810687,0.34594128193954626,0.40861398776372276,0.3191278077041109
Loop/687,0.25727547481656077,0.4289723691220085,0.1663644216877098,0.24304835745909562,0.3948186496893565,0.1677892908376331
Loop/688,0.2542746102437377,0.3297927465600272,0.27499999788900215,0.25401554505030316,0.5121329890564084,0.30362693884720404
Loop/689,0.32752590711849433,0.491839379320542,0.4020293648044268,0.374309150626262,0.4654145076870918,0.3025474935770035
Loop/69,0.25885146933918196,0.43346286490559577,0.1525474954706927,0.18760794401168823,0.4681347134212653,0.2947754762989158
Loop/691,0.19335060375742613,0.2874352333446344,0.023704663019937774,0.16584628701675683,0.4879101903488239,0.11049222853810838
Loop/692,0.2836355788012346,0.4773747822890679,0.29792746238720913,0.33039723833401996,0.41338514801270015,0.41126943118870257
Loop/693,0.32888601284163693,0.373488775244914,0.19680483302411933,0.3579879102297127,0.49067357583747556,0.30479274654450517
Loop/695,0.327849738424023,0.4694300516198079,0.32279792775710425,0.27033678855126103,0.38441277960470566,0.33493091308822237
Loop/696,0.34382556000103554,0.5043177855511506,0.4306562983430922,0.2991148503186802,0.4695164058978359,0.34650259154538315
Loop/697,0.3362694306919972,0.43113126332561175,0.4553108811378479,0.37525906472777326,0.4710708115249872,0.30803108724455036
Loop/699,0.3148747874423862,0.40082038377877327,0.23449913711907963,0.262953369691968,0.3648963754375776,0.33708981101711594
Loop/70,0.3268566474628945,0.4610103630305578,0.30323834335431454,0.29527202000220615,0.4326856633958717,0.34814335060461116
Loop/701,0.2400906715154027,0.4268998272872219,0.14201208785331498,0.23596718457217017,0.33791019109388193,0.20444732348745068
Loop/703,0.3671416214667261,0.4665803091600537,0.3536701213568449,0.33713298427561916,0.4587219398235902,0.32012090043475233
Loop/705,0.3635146845675384,0.4455526826282342,0.4537564769387245,0.36895509492605927,0.4701640771391491,0.41355785677830376
Loop/71,0.33635578616522255,0.3120034541003406,0.33290155393381915,0.33626943044364455,0.46675302092141163,0.28506044913083317
Loop/710,0.3492012081667781,0.4847150276725491,0.5596286684895555,0.27940414420639476,0.2278929201886058,0.1949050069708998
Loop/711,0.3827072560787201,0.3418393783116092,0.20367012288576614,0.2760794471949339,0.448056997358799,0.2863126069928209
Loop/712,0.3827072548757618,0.6145941247542699,0.29559585601091387,0.3908462883283695,0.374265977445369,0.24909326291332642
Loop/713,0.4079879126201073,0.5775906754036745,0.5490069086352984,0.34943868865569433,0.443350602973563,0.3296200357377529
Loop/716,0.16588946245610714,0.4470207221340388,0.06904144990257918,0.1679188248390953,0.42987910447021327,0.08704663245007396
Loop/718,0.4010362674171726,0.3492659732699394,0.30041018817573784,0.3877806561688582,0.4152849761148294,0.3539723638445139
Loop/722,0.410708119502912,0.44136441834270956,0.47672711635629333,0.28678756741185985,0.3955094988147418,0.3024611418756346
Loop/723,0.4226036270459493,0.360535404450881,0.27491364488378167,0.4523316060503324,0.4458117457727591,0.3838082952580104
Loop/724,0.3495682254433632,0.2997409312520176,0.28225388800880563,0.43169257156550883,0.3170984474165986,0.19438687541987748
Loop/725,0.363946459752818,0.46524179705108204,0.29732297187050183,0.3059153708318869,0.45289291709971924,0.31148531757450354
Loop/726,0.3075129537532727,0.3474956819787621,0.19464594305027277,0.23441278274791935,0.4383851448694865,0.25997409101886054
Loop/727,0.14166666741172473,0.5677892903486887,0.16934369600688418,0.1250431769915546,0.3930483578393857,0.156131261602665
Loop/728,0.31468048207461835,0.4981433505813281,0.49706389804681145,0.2628238346970951,0.4408462854723136,0.26347150237609945
Loop/729,0.2781519853509963,0.42068221444884935,0.14628670146533598,0.32275475192194186,0.4516407595947385,0.26981865253765136
Loop/73,0.21001727332671483,0.42210708086689314,0.11252158942321937,0.13182210707260916,0.3845423171296716,0.2874784117875
Loop/730,0.2495898093873014,0.3845854946722587,0.2111830726576348,0.28592400494962933,0.42081174584260833,0.33840673410644134
Loop/732,0.27689982728722196,0.18272884469479322,0.13160621755911658,0.2067357495116691,0.3440414492661754,0.3313903292330603
Loop/733,0.3312176164239645,0.41260794319678096,0.5433506077310691,0.3004317770013586,0.47966321085890135,0.2519430053109924
Loop/736,0.23497409311433634,0.2720207254945611,0.24663212419642758,0.25854922356083987,0.3971502566089233,0.2955094988768299
Loop/738,0.3826208983858426,0.3876943023254474,0.2455095026564474,0.27461140022302666,0.3816062188629682,0.2661917094762127
Loop/74,0.3698618321058651,0.448143351636827,0.43851468041539193,0.3564766868328055,0.34054403853757925,0.31588946798195444
Loop/740,0.3981001722315947,0.39663212137917675,0.3831174422055483,0.41204663179814816,0.4781088083361586,0.2722366161023577
Loop/742,0.3192573407354454,0.3136010361214479,0.23035405828462294,0.2201208973225827,0.3734024211764336,0.308592402546977
Loop/743,0.11200345356483013,0.34732296764074516,0.034283246868290006,0.09887737456398706,0.3306563066939513,0.15228842966413747
Loop/745,0.34430051868160566,0.28540587172222637,0.2325561312958598,0.41420553003748256,0.3564335065583388,0.29395509424308935
Loop/747,0.2608376516029239,0.15924007048209507,0.24117011876466374,0.25112262382172046,0.30764248576015235,0.2547063872062912
Loop/75,0.20924007033463568,0.472970640907685,0.13251295409475763,0.17923143369456132,0.39050086421581603,0.10949913553583125
Loop/750,0.26237046693762145,0.3934801379839579,0.5066493906080722,0.21981865105529627,0.45863557669023675,0.27720207289482157
Loop/751,0.1861398964499434,0.4047927456597487,0.23622625150407353,0.30177029402305683,0.474438688904047,0.3392918818940719
Loop/752,0.3729490511740247,0.42107081164916355,0.4697754747079064,0.3070379965007305,0.4403713262329499,0.39840241757531963
Loop/753,0.3724525054295858,0.3092400678511088,0.3084196868042151,0.257081172366937,0.43506044571598373,0.32137305457144977
Loop/754,0.3900690789024035,0.3829879122475783,0.4220207257817189,0.34140760138009985,0.42953367525090774,0.3151338506179551
Loop/755,0.09581174488800268,0.5131692590812842,0.06653713358876606,0.09110535263704757,0.32387737412160883,0.13959412830881773
Loop/756,0.39183938105901084,0.4075561278111612,0.3785405886825174,0.3773747884125138,0.4862694272150596,0.3814335037100439
Loop/758,0.28862262511005005,0.38531951820477844,0.1654576832583795,0.2346718468082448,0.36670984589339545,0.3338514685941239
Loop/759,0.361787565300862,0.36601899887124695,0.37402849417800704,0.28678756629427277,0.38765112495360277,0.4195164034763972
Loop/76,0.38944300524890424,0.3562607913122823,0.2226252177419762,0.32569084521383046,0.4265112285812696,0.21420552643636862
Loop/763,0.1000863551783065,0.35328151707847916,0.1080310866702348,0.07128670141100883,0.3625215905485675,0.30069084648663796
Loop/764,0.15168393589556217,0.2985751286459466,0.34421416105081637,0.1571675304789096,0.3256908455863595,0.2303108818596229
Loop/765,0.2810017253582676,0.27249567843197536,0.3170552677164475,0.3141191723446051,0.438212434699138,0.36679620140542585
Loop/766,0.36321243417914956,0.3846718481431405,0.3875215897957484,0.3933937800815329,0.5120034525248532,0.2946459393094604
Loop/767,0.43652850079039734,0.3068221069406718,0.2980569940060377,0.3791450770571828,0.4624352296193441,0.21865284870533894
Loop/769,0.32499999649201833,0.2119170991315817,0.2548790994876375,0.28691709637641905,0.44732296619719514,0.29999999882032474
Loop/770,0.26245682548421123,0.5738773703575134,0.4171847976744175,0.27499999857197205,0.4569948205103477,0.3322970644881328
Loop/772,0.33985319423178834,0.2827720213526239,0.18307426481042058,0.3055267736548558,0.3835924012664085,0.28635578382139404
Loop/773,0.2445595873752609,0.2241796209399278,0.09438687296739469,0.2229274628063043,0.29982728759447735,0.2193005189454804
Loop/775,0.340133848041296,0.43363558159520227,0.547193440174063,0.22940414653470118,0.4199050096174081,0.26923575236772496
Loop/776,0.3901986204087734,0.2954663188041498,0.267746115468132,0.4526770282536745,0.5004749544197693,0.32012089776496094
Loop/779,0.20880829046169916,0.26670984316927693,0.2199697759312888,0.15207253713160754,0.36895509622991085,0.34529360868036746
Loop/784,0.36722798037032284,0.3450345413759351,0.3091105375128488,0.31113989384224017,0.5186096695018932,0.41373056415468457
Loop/785,0.3648531937971711,0.410189984831959,0.21826424968118469,0.35552677158266305,0.40237478415171307,0.22439550960746904
Loop/787,0.2439982730895281,0.2854490474797785,0.13864421259301404,0.23277202020399274,0.4425302216162284,0.3202072536883255
Loop/788,0.3620250430578987,0.40636873903373877,0.28924870304763317,0.3822970654815435,0.5367012093464534,0.38886010528852544
Loop/79,0.3572754770517349,0.34121329796810945,0.42938255574554207,0.3437607945253452,0.4650474943531056,0.362262521047766
Loop/790,0.284369601868093,0.4787132984492928,0.4637305692614367,0.3247841119145354,0.5170552665988605,0.27858376589914163
Loop/792,0.2790803103862951,0.37046632211034497,0.40505181265374024,0.22772020699145892,0.38324697948992253,0.1830742663393418
Loop/793,0.30047495669374863,0.3985751307569444,0.19775475030764939,0.21420552593966324,0.40345423184335233,0.2756476670348396
Loop/794,0.2977979251649231,0.4563903277119001,0.4533246967320641,0.2680051825474948,0.47629533722065387,0.23428324674411366
Loop/795,0.3421416218702992,0.36373056992888453,0.3180483564113577,0.43631260730326177,0.4794041470934947,0.28566494236389794
Loop/796,0.21718479931199303,0.4252590681115786,0.2753022426739335,0.22141623622737824,0.33402417904386916,0.2819948188960552
Loop/797,0.1959844561914603,0.29183937921964875,0.1986183078959584,0.19071675108280034,0.44797063854833447,0.3920552651087443
Loop/798,0.3415803126990795,0.4608376550177733,0.4642487045377493,0.2923143334376315,0.4897668371597926,0.4368739193305373
Loop/799,0.23123920535047848,0.4385794505088901,0.2899395504811158,0.21791882483909528,0.29365285045932976,0.29058722176899515
Loop/800,0.37262521802137294,0.3635146787390113,0.30237478607644636,0.29607081562280657,0.383160621051987,0.32862694361247125
Loop/801,0.35999568502108253,0.326986180129461,0.45289291962981226,0.34805699698626996,0.38298791071089605,0.2932642508298159
Loop/803,0.2969775515298049,0.46170121169028183,0.3008635586903741,0.25280656206111113,0.34119171102841694,0.2192573382674406
Loop/805,0.08100172667764127,0.5035837653403481,0.04840241801769783,0.056563039869070054,0.41688255678551894,0.1491796216617028
Loop/806,0.15030224450553456,0.4689982726549109,0.11437823796489587,0.1411917090183124,0.4019430047056327,0.207599311399584
Loop/807,0.2230569949140772,0.34190414359327403,0.12530224490134667,0.21144214049757767,0.42482728784283,0.22681347355246545
Loop/81,0.3742875635623932,0.29222797931482397,0.2357512931029002,0.29822970695483186,0.3360535425444444,0.39939551018178465
Loop/810,0.29244386733820044,0.28665803122955064,0.14520725466621417,0.28147668081025284,0.4441709837565819,0.3455958539620042
Loop/814,0.2212867008522153,0.2882987892876069,0.15509499410012115,0.1696459400933236,0.4809585530000428,0.32733160466887057
Loop/816,0.2919689113895098,0.33760794152040036,0.32763385333431266,0.1741364430480947,0.3946027618522445,0.2512953359633684
Loop/819,0.1504749569421013,0.22905871979892253,0.09481865242899706,0.1204663208918646,0.37759067490696907,0.31670984321584306
Loop/82,0.3291019034261505,0.2581606229767203,0.18454231458405654,0.20919689113895099,0.45392919176568586,0.32828151776144904
Loop/821,0.3763385146235426,0.2974093252715344,0.24814334881181518,0.3668609685652579,0.3787132993806154,0.24861830677837132
Loop/823,0.33955095217873654,0.3584628667682409,0.3696891215008994,0.37232297311226525,0.44680483465393384,0.19110535380896182
Loop/824,0.0759499141635994,0.564291881211102,0.029360967005292574,0.08251295232524475,0.40880829421803355,0.05725388648764541
Loop/826,0.24417098462581635,0.28082901714369657,0.20202936221224566,0.23009499087929725,0.44555267443259555,0.2558290165538589
Loop/829,0.36724956538528203,0.37625215811034046,0.2955526786545912,0.3961571677432706,0.5268998321145772,0.34598445482552054
Loop/831,0.32145941630005836,0.4601468068237106,0.38104490501185256,0.362651123230656,0.5499568248788516,0.38279360892872016
Loop/833,0.3068221072355906,0.4994818593064944,0.3610967197765907,0.3465457705159982,0.3728842821049814,0.29550949884578587
Loop/834,0.44499136271576084,0.37253886433318256,0.3978411016985774,0.35293609372650586,0.35297927404753865,0.3515112273395061
Loop/835,0.36891191452741623,0.4723229764650265,0.5536269413928191,0.297452503691117,0.3507340220734477,0.18238342034164817
Loop/84,0.37923143270115056,0.47443868710349,0.37258204210860035,0.24702072464084873,0.4148100194831689,0.3722797925273577
Loop/841,0.2872841118757303,0.46914939731359484,0.31563039993246395,0.34149395655840636,0.5006044932330648,0.34265975720869996
Loop/842,0.32955526884955666,0.3987046615763878,0.26891191545097776,0.31791882525819043,0.42685664892196656,0.22007772165816278
Loop/843,0.2743739182750384,0.19719343716278673,0.14481865148215245,0.2065198607277125,0.44011226209501425,0.28493091523026426
Loop/844,0.4222366146122416,0.3463730579862992,0.3005181382720669,0.34386873816450436,0.3691709853087862,0.2820811760922273
Loop/845,0.327547495936354,0.5835924006377657,0.4585923984646797,0.2806131277854244,0.4430051829665899,0.22152417991310358
Loop/85,0.24093264253654828,0.3558721913335224,0.14874784296068053,0.26364421664426724,0.4278065678973993,0.25772884444644056
Loop/850,0.3602331611017386,0.35466321256632605,0.39132124395885814,0.2863126101282736,0.3840241797889272,0.19581174307192364
Loop/851,0.34326424325505894,0.3077720212439696,0.3088082909428825,0.324093263487642,0.3832469753921032,0.38380828984081744
Loop/852,0.31787564816574254,0.5082469713175669,0.26977547196050483,0.22206390366579096,0.4285837672650814,0.3258635568742951
Loop/853,0.40107944725702205,0.4769861821706096,0.5300086359182994,0.29093264093001686,0.42543177902698515,0.24810017414856703
Loop/856,0.35237478393440447,0.35690846337626375,0.12357512891758234,0.3117443854610125,0.4253022438768918,0.3339378220417226
Loop/858,0.23009499020408838,0.1916019006865099,0.08186528446773687,0.22793609607033433,0.3127374785564219,0.16006044834696997
Loop/859,0.32398532095054783,0.40319516128705196,0.22746114189115663,0.3339810009424885,0.45919689269115527,0.19775474707906446
Loop/86,0.3059153699626525,0.38493091783796746,0.3472797904163599,0.2708980986926084,0.32549654617905616,0.38009499410788217
Loop/863,0.3096070809910695,0.5250431751211484,0.45872193624575935,0.25272021160150565,0.4060880800088247,0.31640760029355686
Loop/867,0.3536485315610965,0.48825561031699183,0.36161485107926034,0.36506908672551314,0.40932642911405615,0.34853194852670033
Loop/870,0.31936528186003366,0.301683941607674,0.1494386895870169,0.2787133002032836,0.41558721914576985,0.2505613115693753
Loop/874,0.25908894481447836,0.36968911848962305,0.15582901630550622,0.28708980816106,0.36101036237087103,0.3953367872008433
Loop/878,0.32037996185633044,0.5894645928715666,0.381303973775357,0.33613989542548856,0.4427461138771226,0.43113126082656283
Loop/879,0.37070379704236983,0.5421416242917378,0.5160621749858062,0.39214162081480025,0.3996545766169826,0.293911916979899
Loop/88,0.33095854710166656,0.36373057149661087,0.45833333414047955,0.27219343626250825,0.51843696013093,0.21653713348011175
Loop/880,0.3373056982488682,0.4253238335251808,0.3276338498108089,0.26809153826131177,0.3877374774776399,0.34304835957785446
Loop/881,0.34563903260665635,0.37879965456668285,0.27063903165981174,0.250777202937752,0.38821243507166703,0.4544473213454088
Loop/883,0.3383419713626305,0.4080310864839703,0.47923143673688173,0.40518134956558544,0.46636441935164236,0.339680489897728
Loop/884,0.15034542337525636,0.4719343725591898,0.1301381701991583,0.17810880911226074,0.5712866986791293,0.28760794543195517
Loop/887,0.3439119176007807,0.4069516439301272,0.28389464610566695,0.2898531985779603,0.43851468001957983,0.36856649288286764
Loop/888,0.21893350568910439,0.2741364443053802,0.1493523315526545,0.2571243511823316,0.29257340393960474,0.22668393716836968
Loop/889,0.3400690872222185,0.3647236613168692,0.31930051248831054,0.23946459444705398,0.32348877302526186,0.368005179365476
Loop/891,0.36291019308070344,0.3703367875268062,0.44477547307033094,0.34505612920038403,0.5344991400217016,0.3230569951236248
Loop/892,0.1587651113901908,0.4718480164806048,0.15569948178405563,0.1573834190222745,0.37132987889150776,0.22953367888306578
Loop/893,0.32586355692862223,0.2825561319167415,0.28182210742185515,0.35241796150803567,0.4164939558133483,0.3988341954226295
Loop/895,0.3947322969635328,0.42681347342828907,0.46994818894503015,0.4231865259818733,0.4928756440679232,0.25790155385620894
Loop/897,0.4284542282422384,0.35375647886345785,0.3594559582105527,0.34265975604454674,0.38449913412332537,0.42029360836992663
Loop/899,0.4574265991648038,0.3108376526739448,0.28678756471102435,0.37430915534496306,0.47920984706530967,0.30207253764383496
Loop/9,0.25837650971176723,0.34471070926326014,0.22068221278022976,0.19801381897802153,0.40038859769701957,0.37897236589342354
Loop/90,0.29788428358733654,0.36532815524066486,0.41705526895821093,0.3512521582034727,0.46571675402422746,0.2648100151369969
Loop/900,0.2765759928462406,0.48359240405261517,0.173791020270437,0.2520293623674661,0.46567357305126883,0.26606217687173433
Loop/902,0.4004533678603669,0.5325561332205931,0.5200777212778728,0.2570811730576679,0.41649395432323216,0.3098013796688368
Loop/903,0.36999136259158455,0.3371761629668375,0.2556131259072572,0.31364421599234144,0.3367012105261286,0.27262521352774155
Loop/904,0.2910621763517459,0.4749136478329698,0.430310879740864,0.2978842849532763,0.3494386856754621,0.19822970672200124
Loop/905,0.34978411297003426,0.4665371347529193,0.34982728987621764,0.30099309273064134,0.4745250412573417,0.30962867277363937
Loop/907,0.40235319699471195,0.26804835638031366,0.19840241780038922,0.3319516429056724,0.38320379476062955,0.27197754703617344
Loop/908,0.39579015659789246,0.4262089806608856,0.32793609565900017,0.3471934400498867,0.37020725533366206,0.4085923997064432
Loop/909,0.16403281713525455,0.3922711552741627,0.17007772171248992,0.19477547290734948,0.4816493997971217,0.3123488758690655
Loop/91,0.3643134691985324,0.45777201695988573,0.2669904985465109,0.37871329647799334,0.48493091613054273,0.2851468045885364
Loop/910,0.32823834208150704,0.3748272881532709,0.2955958533566445,0.3247409326334794,0.5189982788016398,0.3784974110623201
Loop/911,0.39404144920408724,0.32128669884211075,0.3560017252030472,0.3058290143807729,0.45949913586179414,0.41321243420243264
Loop/913,0.34512089819957814,0.4122193443278472,0.4126511227339506,0.3532383454342683,0.4746977505584558,0.2335492236384501
Loop/914,0.3201856639236212,0.4250000021109978,0.21053540484669309,0.2199913639885684,0.43151986512045065,0.3677461162209511
Loop/916,0.37480569565668703,0.4991796169430017,0.4499999968335032,0.33851467914258443,0.46256476677954195,0.4370466321706772
Loop/917,0.2105138162150979,0.21571675225471457,0.22379102053431174,0.24041450809066495,0.3915803123265505,0.2535405876658236
Loop/918,0.3391407602777084,0.43544905049105487,0.3655440407494704,0.315630397417893,0.38056994502743086,0.3626511211739853
Loop/92,0.2014680488888795,0.49663212383165956,0.07685664969030767,0.20617443695664406,0.451813472310702,0.23739205414118866
Loop/920,0.31051382057679194,0.3159758197919776,0.22664075748374066,0.25643350815710925,0.4429188225418329,0.32590673621743915
Loop/921,0.3586355758210023,0.5413644232476751,0.37461139834485946,0.3420120903601249,0.3655440415022895,0.4168393799336627
Loop/923,0.2469775487979253,0.27668393569377564,0.1206822118954733,0.2351468040297429,0.4015975817417105,0.27193437175204355
Loop/925,0.22335923905484378,0.528411053866148,0.26541450309256714,0.14084628708660601,0.4095854879900192,0.27607944793999195
Loop/926,0.34602763627966243,0.3763816940908631,0.17512953293820221,0.33449913635849954,0.4573402422790726,0.286355786335965
Loop/927,0.13024611352011561,0.3142918800314268,0.04909326470612238,0.16118307318538427,0.41213298464814824,0.19430051854190727
Loop/928,0.384283247590065,0.4809153704593579,0.48661485014793776,0.2829879108971606,0.3632124354752401,0.2669689126933614
Loop/929,0.18380829013573627,0.32603627113470185,0.23523316122591495,0.15017271127241352,0.4773747849899034,0.22962003474434217
Loop/93,0.15125215997298558,0.2227547505016749,0.21481001599070926,0.15578583676057559,0.3122193424962461,0.254231433585907
Loop/930,0.4478411023039371,0.4279792752116919,0.46437823697924613,0.34447322845614203,0.41761658154428005,0.3568652855620409
Loop/932,0.24600604622780034,0.43441278065244354,0.1316062182964136,0.23501727214703957,0.45876510938008624,0.18782383469709504
Loop/934,0.33469343818724157,0.4603195187946161,0.4927892931193734,0.27327288378340503,0.29645941231089334,0.19253022509316603
Loop/935,0.3864853196156522,0.426079447939992,0.40207253949095806,0.33756476765653737,0.37081174552440643,0.33303108701171974
Loop/936,0.08866580243532857,0.4420984457867841,0.047193436821301775,0.0950345413836961,0.4277202045544982,0.13687392067319404
Loop/937,0.23652849956415595,0.32648963733421016,0.06955958453472703,0.19287564668338747,0.4722797943279147,0.19352331639577944
Loop/939,0.41386010150114694,0.39434369405110675,0.4547495695451895,0.31006044970514873,0.3627806550512711,0.41031951564364133
Loop/941,0.3345854919403791,0.2899827292809884,0.2468480160847927,0.3306563059488932,0.447322969759504,0.38644214160740376
Loop/942,0.1418825542399039,0.33048358735007544,0.11986183192736159,0.12892918755145122,0.3973229695421954,0.2597582032127927
Loop/944,0.4113989621400833,0.2969343723729253,0.23000863460668672,0.38911917408307395,0.36735751380523046,0.22279792881260316
Loop/946,0.3234024177615841,0.5148531957219045,0.5270293618241946,0.2560017258860171,0.4418393786996603,0.26144214312856395
Loop/947,0.3470854959140221,0.2879101883852854,0.2041450775694102,0.3682210693135858,0.3891623495767514,0.24244386988381544
Loop/949,0.29892055320863925,0.4651122589595616,0.3470207224600017,0.3431347172707319,0.4435233155886332,0.21990500763058662
Loop/95,0.32335923876768596,0.570962861739099,0.5734024183203776,0.2659758191090077,0.3818652858336767,0.33074265864367286
Loop/953,0.3289076020320257,0.4599740939214826,0.17715889380003016,0.2887737490081539,0.4374784121910731,0.3415371318658193
Loop/956,0.35082038020094236,0.36101036249504737,0.33177892985598495,0.34589810160299145,0.5049654595553875,0.254663212907811
Loop/957,0.3580310896039009,0.36174438533683617,0.38743523191660645,0.3518998275200526,0.4439119167625904,0.34550949844221274
Loop/958,0.3305267677952846,0.4264248713850975,0.4828151989728212,0.3032815152468781,0.34447323411392666,0.342271156841889
Loop/96,0.276683939822639,0.462305701430887,0.21403281640571853,0.3060880774942537,0.4897236606727044,0.30021589330087106
Loop/960,0.19352331754441063,0.37530223932117224,0.08031088076531886,0.17314335163682698,0.3928324696918329,0.1750431773175175
Loop/961,0.3191278040719529,0.35682210594726105,0.3487910198746249,0.30315198712050917,0.3766839363379404,0.3335060433174173
Loop/962,0.3729274598571161,0.5294473213454087,0.5450777215262254,0.3892918840671579,0.38341968942744037,0.28734887527922787
Loop/963,0.22368307506355148,0.5111398965741197,0.21459412779659032,0.2024611380106459,0.39844559629758197,0.16761658020938436
Loop/967,0.36275906867037216,0.47163212671875954,0.36174438732365766,0.2837651108702024,0.4621329865107934,0.229922280072545
Loop/968,0.14240069016814233,0.590544042022278,0.07314335159802189,0.12107081225452324,0.33907599019197127,0.21113989682247242
Loop/969,0.3752158870299657,0.36558721978993464,0.3150259062026938,0.3684369554743171,0.423877373461922,0.2998704668212061
Loop/97,0.19699913801935812,0.39214162168403466,0.2309153686588009,0.14460276246536524,0.27573402461906277,0.22068221089430154
Loop/970,0.31765975852807365,0.33583765203754107,0.14797064072142044,0.30505181645664076,0.47353195268660786,0.25673575076895455
Loop/971,0.39214162472635505,0.38000863370640825,0.19866148597405603,0.31891191576917965,0.41450777314603326,0.29058721856369324
Loop/972,0.23825561292469502,0.43350604123746356,0.1972366141465803,0.2756044944282621,0.3808721916129192,0.19969775401987136
Loop/973,0.245120896336933,0.21217616541155923,0.18652849957191694,0.21567357550375163,0.37517271327475704,0.28657167096001407
Loop/974,0.2310449038942655,0.4297495695607116,0.20474957001085084,0.20224524976996083,0.45604490377008916,0.3012089821199576
Loop/975,0.37910189578154435,0.33834196962416174,0.355224524003764,0.4056131259771064,0.5367875618239244,0.4412780658031503
Loop/977,0.1839810032242288,0.33920552593966324,0.09654576843604445,0.12923143239070972,0.44408462519447006,0.1549222790868953
Loop/978,0.28035405999980867,0.44805699127415816,0.15651986160470793,0.1831174422055483,0.4050086348472784,0.22236614829550186
Loop/979,0.23484456095223624,0.2943868711513157,0.18255613018603375,0.32154576924319067,0.42763385412593685,0.2333549216389656
Loop/98,0.3015112272153298,0.3947754732798785,0.39240069245764364,0.3282815198103587,0.30682210859376935,0.3555699483801921
Loop/980,0.2664939555649956,0.5337219282363852,0.20112262434946995,0.16312607986231645,0.37204231320259473,0.18501727214703959
Loop/981,0.3220423159499963,0.24434369426065436,0.13432642488429944,0.21925734005247552,0.4523747851451238,0.3453799652090917
Loop/982,0.353518998871247,0.3407167510129511,0.19637305566575378,0.37594991287526985,0.45831174198538066,0.2830310876170794
Loop/983,0.12299222781633337,0.36489637644651035,0.0334628663957119,0.09369602779236932,0.2681778916856274,0.08816925801802426
Loop/984,0.27288428352524835,0.529835922519366,0.44231433582802615,0.29287564686189094,0.5587219367424647,0.2970639023153732
Loop/986,0.32301381739477314,0.32331606311102706,0.2594127816458543,0.2540155438007787,0.4158894676559915,0.29283247152343395
Loop/987,0.09654576913453639,0.43536269358980156,0.045811744934568806,0.09801381609868258,0.4316925741111239,0.1449481864226982
Loop/988,0.3597150289453566,0.36031951759941877,0.48113126174236337,0.34136442029848696,0.44365285014112793,0.37176165990531446
Loop/989,0.43579447120428083,0.3649827294672529,0.3986183070888122,0.3954663169259826,0.5061312591036161,0.3480138200024764
Loop/992,0.12409326611862828,0.38082901685653875,0.020250431595680615,0.11977547405598064,0.1384283244997884,0.1651554428661863
Loop/993,0.35075561217963697,0.38760794227321943,0.3556131298343341,0.31316925870099416,0.3405440416187048,0.33847150517006713
Loop/995,0.44460276160389184,0.34127806798399735,0.2809153704593579,0.42037996600071587,0.3864853189093992,0.40807426447669665
Loop/996,0.42081174639364083,0.26765975809345643,0.3340673559966187,0.36791882595668235,0.3449050057679415,0.4482728826502959
Loop/998,0.3395077727114161,0.4630829056724906,0.2651554396996895,0.3137737472852071,0.5556563039620718,0.3216753013432026
OhioT1DM/563,0.4,0.43333333333333335,0.3333333333333333,0.4666666666666667,0.36666666666666664,0.3
OhioT1DM/588,0.4666666666666667,0.4,0.2,0.36666666666666664,0.43333333333333335,0.26666666666666666
PEDAP/10,0.4382513664662838,0.2704917999605338,0.3382513624926408,0.3688524514436722,0.414207648858428,0.4131147521237532
PEDAP/100,0.34071037905911605,0.5005464447041352,0.2677595579375823,0.3071038225044807,0.4415300538142522,0.5147540984054406
PEDAP/102,0.4289617429176966,0.2743169384698073,0.3092896136144797,0.3721311459938685,0.3431693976124128,0.39289616818229356
PEDAP/103,0.40109289263685544,0.3677595601727565,0.38032786461214224,0.39016392504175507,0.4278688482940197,0.46775955768922967
PEDAP/106,0.2622950798521439,0.3918032752970854,0.15901639088988304,0.265027317404747,0.4792349640280008,0.33005464089413483
PEDAP/107,0.5185792336861292,0.3830601066350937,0.3934426168600718,0.4207650279005369,0.41420765010019145,0.5562841435273488
PEDAP/109,0.3295081915954749,0.43387977679570516,0.18907103662689526,0.2841530020038287,0.3928961717834075,0.3245901613185803
PEDAP/11,0.4688524549206098,0.405464477216204,0.3349726736545563,0.4677595553298791,0.4584699456890424,0.42513660962382954
PEDAP/13,0.44480873743693033,0.3409836036463579,0.2475409800807635,0.4136612005531788,0.4672131150960922,0.5196721290548643
PEDAP/14,0.29508196711540224,0.16885245690743128,0.08032786784072717,0.2415300523241361,0.3759562832613786,0.3420765003810326
PEDAP/16,0.4693989045917988,0.3655737673242887,0.33442622733612853,0.4546448037028313,0.5109289593994617,0.350273222476244
PEDAP/18,0.47349726359049477,0.4081967202325662,0.4486338732143243,0.435519119600455,0.4344262274603049,0.4147540993988514
PEDAP/19,0.4464480812350909,0.4393442568679651,0.5398907043039799,0.41475409393509227,0.3939890676488479,0.39999999552965165
PEDAP/20,0.45737704634666443,0.407650271927317,0.3224043721954028,0.496174859503905,0.45027322073777515,0.43934425997237364
PEDAP/23,0.4021857904891173,0.3032786859820286,0.23934425736467044,0.38087431391080223,0.48961748480796813,0.3267759557813406
PEDAP/24,0.3551912557333708,0.3043715828408798,0.2114754072080056,0.34262294992804526,0.2994535490870476,0.34808742652336755
PEDAP/26,0.32568305594225727,0.3469945321480433,0.36338797708352405,0.2256830589224895,0.46174863167107105,0.41912567938367523
PEDAP/27,0.2387978119154771,0.2245901604493459,0.03934426146248977,0.1655737673242887,0.37431693201263744,0.1775956274320682
PEDAP/28,0.31092895977199075,0.22459016218781472,0.18743169195950032,0.34972677131493884,0.5185792269806068,0.3278688528885444
PEDAP/29,0.3404371519883474,0.262841526294748,0.25792349440356094,0.4043715812265873,0.4841530026247104,0.4021857887506485
PEDAP/3,0.4060109252731005,0.3614754069596529,0.32021857611835003,0.39672131004432837,0.4633879743516445,0.42131147322555385
PEDAP/31,0.33551912344992163,0.35956283869842687,0.23715846749643485,0.31038251059750716,0.4655737632264694,0.3672131137301525
PEDAP/34,0.26174862968424956,0.24535518909494083,0.3355191214631001,0.325136607264479,0.35956283782919246,0.3666666644314925
PEDAP/36,0.34590163255731265,0.24918032412727673,0.318032781034708,0.33715846464037896,0.438797810425361,0.4016393405695756
PEDAP/38,0.2890710383653641,0.32076502554118635,0.0857923494031032,0.19945354759693146,0.34918032263716065,0.14153005282084147
PEDAP/4,0.4530054594079653,0.23770491642256578,0.2868852430333694,0.39890709991256396,0.4573770413796107,0.32622950586179894
PEDAP/40,0.32622950300574305,0.3836065549403429,0.12950819507241249,0.21584699427088103,0.34863387706379095,0.15792349477609
PEDAP/43,0.44918032238880795,0.3469945337623358,0.25628414986034237,0.2983606526007255,0.4289617461462816,0.4147540977845589
PEDAP/44,0.39781420640647414,0.19508196599781513,0.20437158060570557,0.3836065540711085,0.41584699240823586,0.34480873805781204
PEDAP/46,0.34262295017639793,0.26229507935543855,0.264480871707201,0.33934425562620163,0.427322394400835,0.29781420566141603
PEDAP/49,0.40218578775723773,0.33879781315724056,0.3453551872322957,0.4972677574803432,0.5295081912229459,0.4021857861429453
PEDAP/5,0.3612021823724111,0.32021857624252636,0.4601092867553234,0.37103824925919376,0.48907103228072324,0.36939890099068484
PEDAP/51,0.38142076258858043,0.5524590134620666,0.399999995653828,0.26830600773294766,0.21092896002034348,0.3453551884740591
PEDAP/52,0.3480874313662449,0.10710382374624411,0.10765027043720087,0.353005463629961,0.3863387962182363,0.44590163516501585
PEDAP/53,0.3076502700646718,0.4120218555132548,0.2890710324048996,0.3262295057376226,0.4754098321000735,0.29071038340528804
PEDAP/58,0.32950819507241247,0.3475409811983506,0.40054644383490084,0.3114754072080056,0.27978142028053604,0.3617486288150152
PEDAP/59,0.3278688468039036,0.37595628102620443,0.5327868770807982,0.3721311445037524,0.44590163429578145,0.38688524266084034
PEDAP/60,0.39836065073808036,0.44426228627562525,0.37486338304976624,0.3371584676206112,0.4191256821155548,0.37868852155903976
PEDAP/61,0.38633879472812016,0.2934426228205363,0.2469945335139831,0.4535519080857436,0.43879781241218246,0.386338796839118
PEDAP/62,0.4377049165467421,0.5131147508819898,0.5852458998560905,0.37868852317333224,0.5147540929416815,0.43060108721256257
PEDAP/64,0.2999999954054753,0.4005464419722557,0.3196721271922191,0.28415300299723945,0.29289617066582047,0.44535518400371077
PEDAP/65,0.42404371574521066,0.370491802940766,0.35956284205118816,0.3830601068834464,0.47759562606612843,0.3945355169475079
PEDAP/66,0.3213114723563194,0.4054644731183847,0.42459015995264054,0.2508196705331405,0.4601092850168546,0.4114754086981217
PEDAP/68,0.44153005133072537,0.4136611972004175,0.5415300500889619,0.31748633508880936,0.42677595317363737,0.3180327841391166
PEDAP/69,0.41475409691532455,0.36721311261256534,0.4185792334377766,0.30273223693172135,0.37377048656344414,0.34808742962777617
PEDAP/70,0.400546445697546,0.42185792115827403,0.21857923381030558,0.42677595727145673,0.40983606316149235,0.36775956066946186
PEDAP/77,0.38196721151471136,0.34863387706379095,0.3092896136144797,0.4191256771485011,0.5109289541840554,0.3754098370671272
PEDAP/78,0.3540983575085799,0.4928961714108785,0.4661202169954777,0.3087431687861681,0.2972677567352851,0.34043715621034304
PEDAP/8,0.27540983657042184,0.2027322361866633,0.30655737419923146,0.3879781370361646,0.24972677392264206,0.3803278668473164
PEDAP/81,0.49016392876704534,0.26010928538938366,0.23879781278471152,0.36885245790084203,0.5901639307538669,0.33770491381486256
PEDAP/82,0.37923497234781584,0.23442622683942319,0.28852459155023097,0.3972677603363991,0.32021857711176077,0.33060109056532383
PEDAP/83,0.45956283758083977,0.28196720803777375,0.24262294645110766,0.302732236435016,0.4546448029577732,0.47213114239275455
PEDAP/84,0.325683056935668,0.28743168972432614,0.2497267762819926,0.3759562809020281,0.44316939761241275,0.4601092883696159
PEDAP/87,0.28524590109785397,0.41584699029723804,0.16393442451953888,0.3032786854853233,0.32295081404348214,0.2961748590071996
PEDAP/88,0.3573770439873139,0.353005462884903,0.3218579200406869,0.2939890682697296,0.4240437130133311,0.47650273367762563
PEDAP/9,0.3617486288150152,0.3633879752208789,0.40163933771351973,0.35300546151896317,0.4508196711540222,0.44098360861341157
PEDAP/90,0.45628415048122406,0.34972677466770014,0.3868852407981952,0.4005464424689611,0.3726775928090016,0.40546447709202765
PEDAP/91,0.34972677218417325,0.24426229236026606,0.09945355020463467,0.3595628364632527,0.44972677355011303,0.4491803221404552
PEDAP/93,0.48907102942466735,0.4142076482375463,0.4174863327294588,0.45081966718037925,0.44371584355831145,0.4666666643073161
PEDAP/94,0.39289617414275807,0.30109289325773714,0.4677595627804597,0.4267759549121062,0.3825136568397284,0.4480874257783095
PEDAP/95,0.3612021858493487,0.4125683043152094,0.23770491629838944,0.35464480680723987,0.4852459008495013,0.3393442543844382
PEDAP/99,0.3426229476928711,0.3213114731013775,0.24426229149103165,0.28360655369857946,0.49945354958375293,0.4065573734541734
ReplaceBG/101,0.3496815303961436,0.41401274253924686,0.30976645747820536,0.26454352388779323,0.40360934336980187,0.2887473464012146
ReplaceBG/102,0.34968153287967046,0.28874734938144686,0.16220806837081908,0.23078556309143702,0.4951167757312457,0.2959660291671753
ReplaceBG/103,0.4726114670435588,0.4169851397474607,0.3893842900792758,0.44564756006002426,0.38619957615931827,0.4441613624493281
ReplaceBG/106,0.4318471367160479,0.436305733025074,0.49532908499240874,0.4535031825304031,0.34203822016716,0.2921443740526835
ReplaceBG/109,0.47749469230572383,0.3138004273176193,0.31889596531788506,0.5214437350630761,0.5813163474202157,0.38386412113904955
ReplaceBG/110,0.3507431005438169,0.20053078805406888,0.23142250627279282,0.3074309984842936,0.4298301508029302,0.32165605276823045
ReplaceBG/111,0.3114649678270022,0.3227176224191984,0.3229299376408259,0.28280254900455476,0.4265392795205116,0.3341825932264328
ReplaceBG/112,0.380997879554828,0.40191082904736203,0.2910828024148941,0.36305732478698094,0.3912951201200485,0.4271762187282244
ReplaceBG/115,0.358174101014932,0.28089172144730884,0.33524416188399,0.24883227348327636,0.3360934202869733,0.35520169834295906
ReplaceBG/116,0.32101911008358003,0.2946921467781067,0.21337579588095348,0.3210191085934639,0.3936305726567904,0.27197452237208686
ReplaceBG/118,0.3738853524128596,0.27176220814387003,0.2630573272705078,0.3575371603171031,0.48980891654888786,0.4276008501648903
ReplaceBG/119,0.41656051178773246,0.33970276166995367,0.4203821673989296,0.41422505577405294,0.4942675203084946,0.3794055183728536
ReplaceBG/123,0.4711252679427465,0.29150743285814923,0.3876857777436574,0.4106157104174296,0.4768577511111895,0.3571125308672587
ReplaceBG/124,0.45010615984598795,0.3825902317961057,0.31528662592172624,0.39002123375733694,0.5140127420425415,0.40912951131661734
ReplaceBG/127,0.3360934187968572,0.3995753730336825,0.2957537159323692,0.252653931081295,0.3318471377094587,0.3685774972041448
ReplaceBG/129,0.23121019105116528,0.43566879083712895,0.26284501105546954,0.2503184715906779,0.4322717661658923,0.35244161635637283
ReplaceBG/130,0.19447983155647913,0.24904458622137707,0.10382165759801865,0.1974522312482198,0.5195329114794731,0.3811040346821149
ReplaceBG/134,0.057537154356638594,0.38343949218591056,0.025477707386016846,0.05711252689361572,0.46730361034472784,0.19044586072365444
ReplaceBG/135,0.3709129557013512,0.2479830155769984,0.19915074557065965,0.32165605078140896,0.47176220963398613,0.35605095823605853
ReplaceBG/136,0.37006369878848394,0.412314228216807,0.42420382499694825,0.33460721919933956,0.3649681533376376,0.4237791975339254
ReplaceBG/137,0.39978768974542617,0.4369426786899567,0.4373673056562742,0.39554140319426856,0.5407643347978592,0.35138004223505653
ReplaceBG/138,0.4252653946479162,0.36518046756585437,0.41125265657901766,0.43673036247491837,0.42993630866209664,0.4142250547806422
ReplaceBG/139,0.28110403766234715,0.3314225067694982,0.18768577526013056,0.3685774952173233,0.40573248515526456,0.3743099793791771
ReplaceBG/14,0.3295116732517878,0.42590233037869135,0.442462845146656,0.4314225082596143,0.41188959727684654,0.3696390683452288
ReplaceBG/140,0.35106157312790554,0.4157112548748652,0.3666666686534882,0.3619957556327184,0.46815286527077354,0.4772823746005694
ReplaceBG/141,0.37388535141944884,0.46900212864081064,0.4254777103662491,0.33736730565627415,0.4660297244787216,0.49596603016058605
ReplaceBG/145,0.32271762390931447,0.47091295073429745,0.3730360979835192,0.36284501204888026,0.44904458820819854,0.43397027800480525
ReplaceBG/146,0.4133757973710696,0.36263269782066343,0.250318473080794,0.3450106163819631,0.42855626295010246,0.4055201729138692
ReplaceBG/148,0.26751592258612317,0.3334394931793213,0.513800430794557,0.27324840674797696,0.39851380040248235,0.31295117139816286
ReplaceBG/149,0.41019108245770136,0.572186841070652,0.5430997843543689,0.3802547792593638,0.43227176318566,0.4983014891544978
ReplaceBG/15,0.20488322973251344,0.35031847407420474,0.12186836649974188,0.18067940771579744,0.3299363041917483,0.2044585977991422
ReplaceBG/152,0.4123142272233963,0.5592356711626053,0.5834394951661428,0.32016984969377515,0.4662420392036438,0.4021231452624003
ReplaceBG/155,0.4263269652922948,0.5515923564632733,0.43694267769654593,0.4038216551144918,0.5615711291631063,0.43205944846073785
ReplaceBG/156,0.17282377978165944,0.17006369481484096,0.014225053290526072,0.13694267521301906,0.46326964249213537,0.08853503266970317
ReplaceBG/158,0.23163482149442036,0.2840764343738556,0.18789809048175812,0.2815286631385485,0.4577494695782661,0.22696390748023987
ReplaceBG/16,0.27112526893615724,0.5044585977991421,0.22335456510384877,0.2108280246456464,0.46645435492197673,0.3178343966603279
ReplaceBG/160,0.27728237956762314,0.3123142267266909,0.33333333482344946,0.3925690035025279,0.3698513835668564,0.34883226950963336
ReplaceBG/163,0.36242038061221443,0.3755838657418887,0.29872611711422603,0.31188959976037345,0.3823779210448265,0.4089171975851059
ReplaceBG/164,0.28641189088424046,0.3282377928495407,0.468789811929067,0.2874734605352084,0.4350318486491839,0.26050955255826314
ReplaceBG/165,0.40870488484700523,0.5526539315780004,0.4014862015843391,0.507218687236309,0.5101910809675853,0.46390658169984816
ReplaceBG/166,0.350743102033933,0.2549893880883853,0.309341824054718,0.30403396983941394,0.46794055302937826,0.341825902958711
ReplaceBG/17,0.37749469379583994,0.28513800352811813,0.3138004238406817,0.23269639064868292,0.3263269672791163,0.24734607289234797
ReplaceBG/171,0.49129511415958405,0.5511677255233128,0.3677282392978668,0.33821656356255214,0.4312101905544599,0.3201698531707128
ReplaceBG/173,0.41486199349164965,0.36199575662612915,0.3063694268465042,0.3460721885164579,0.5464968194564184,0.3817409793535868
ReplaceBG/174,0.3526539285977682,0.22314224988222123,0.21210191150506338,0.267091296116511,0.4953290859858195,0.3233545665939649
ReplaceBG/175,0.3490445867180824,0.5019108305374781,0.47940552085638044,0.3585987264911334,0.45817409505446755,0.3813163533806801
ReplaceBG/176,0.40382165809472403,0.31231422573328016,0.33099787880976994,0.4322717626889547,0.5377919321258863,0.37261146555344266
ReplaceBG/179,0.47430997888247173,0.4046709150075912,0.36220806936422983,0.46815286874771117,0.4501061593492826,0.3893842895825704
ReplaceBG/18,0.41698514024416605,0.23248407940069835,0.2787685791651408,0.4643312086661657,0.3397027606765429,0.374734610815843
ReplaceBG/181,0.3467091292142868,0.3541401281952858,0.35307855407396954,0.3360934173067411,0.4677282402912776,0.3766454373796781
ReplaceBG/183,0.325477708876133,0.41167728304862977,0.2762208074331284,0.3095541407664617,0.3530785545706749,0.36666666318972907
ReplaceBG/185,0.29426751683155694,0.4072186857461929,0.20148619959751765,0.3369426747163137,0.39702760328849157,0.3693205967545509
ReplaceBG/186,0.08152866264184316,0.2110403408606847,0.11486199597517649,0.08811040470997493,0.4265392795205116,0.3717622086405754
ReplaceBG/188,0.2923566897710164,0.3089172005653381,0.1484076460202535,0.265180471042792,0.43121019353469214,0.411677286028862
ReplaceBG/189,0.419108281036218,0.2883227194348971,0.35881104071935016,0.44543524583180744,0.4125265419483185,0.4135881125926971
ReplaceBG/19,0.3464968154827754,0.28938429007927574,0.36900212268034616,0.4057324886322021,0.3961783453822136,0.45053078681230546
ReplaceBG/193,0.4749469250440598,0.32526539315780006,0.37091295371452965,0.5220806856950124,0.5295116807023684,0.3537155022223791
ReplaceBG/197,0.28917197535435357,0.34437367220719656,0.28025477727254233,0.27983014831940334,0.4467091247439384,0.3978768597046534
ReplaceBG/198,0.2919320578376452,0.32335456758737563,0.17515923728545507,0.2639065831899643,0.4768577496210734,0.32972399294376376
ReplaceBG/2,0.40615711311499275,0.34394904722770053,0.15647558470567066,0.3295116807023684,0.42165605425834657,0.4384288763006528
ReplaceBG/20,0.29384288638830186,0.22420382301012676,0.13121019254128138,0.2496815289060275,0.5870488360524178,0.2719745268424352
ReplaceBG/201,0.44437367816766105,0.35605095674594245,0.3401273886362712,0.31401274005572,0.48683651934067407,0.2970276022950808
ReplaceBG/203,0.43057325383027395,0.4110403393705686,0.32675159176190693,0.4622080693642298,0.44607218603293103,0.46029723932345706
ReplaceBG/205,0.4628450135389964,0.34161358724037805,0.386836521824201,0.38492569228013357,0.33927813222010933,0.40424628655115763
ReplaceBG/206,0.26072186827659605,0.41273885816335676,0.2624203806122144,0.28067940374215444,0.3331210176150004,0.39044585824012756
ReplaceBG/209,0.38577495018641156,0.4165605147679647,0.24734607289234797,0.30594479888677595,0.4142250522971153,0.3467091307044029
ReplaceBG/21,0.40191082706054054,0.32993630568186444,0.22887473354736965,0.38280254950126014,0.5038216590881348,0.37876857767502464
ReplaceBG/211,0.29617834836244583,0.49384289036194484,0.2503184725840886,0.3063694288333257,0.43397027999162674,0.39214437703291577
ReplaceBG/213,0.37048832376797997,0.3704883207877477,0.24649681796630224,0.3191082825263341,0.5239915102720261,0.3857749481995901
ReplaceBG/214,0.388959664106369,0.32356687635183334,0.30021231323480607,0.31146496832370757,0.39490446001291274,0.3471337576707204
ReplaceBG/215,0.3736730342109998,0.2677282412846883,0.2842887466152509,0.35838641275962196,0.4600849280754725,0.2768577501177788
ReplaceBG/218,0.4084925681352615,0.294904459019502,0.2630573272705078,0.30084925641616184,0.38216560433308283,0.5214437370498975
ReplaceBG/219,0.42696390946706136,0.4747346073389053,0.5324840719501177,0.40297240267197293,0.380042465031147,0.46709129710992175
ReplaceBG/220,0.23290870537360508,0.42951168219248453,0.19681528757015865,0.21847133785486222,0.39723991602659225,0.3590233554442724
ReplaceBG/222,0.3312101910511653,0.24076433330774308,0.10743099898099899,0.2628450120488803,0.44840764403343203,0.2437367300192515
ReplaceBG/224,0.27176220864057543,0.313588115076224,0.14692144393920897,0.23290870835383734,0.35159235894680024,0.4369426742196083
ReplaceBG/227,0.28142250552773473,0.5619957546393076,0.4670912981033325,0.2641188964247704,0.5248407706618309,0.3428874726096789
ReplaceBG/228,0.26050955504179,0.4125265379746755,0.18662420511245728,0.27112526645263035,0.530573249856631,0.38195329109827675
ReplaceBG/229,0.31889596829811734,0.4271762207150459,0.24522293011347454,0.28089172144730884,0.4764331246415774,0.4016985173026721
ReplaceBG/23,0.21698514024416607,0.3244161387284597,0.11549893816312154,0.20212314426898956,0.4384288743138313,0.41401274253924686
ReplaceBG/231,0.32377919207016626,0.46157112568616865,0.2919320598244667,0.267091296116511,0.2757961784799894,0.3768577516078949
ReplaceBG/232,0.3953290884693464,0.371125265955925,0.4668789853652318,0.3552016998330752,0.49808917492628096,0.39341826339562735
ReplaceBG/234,0.373460719982783,0.341401274005572,0.3331210181117058,0.3441613589723905,0.4549893836180369,0.38386412113904955
ReplaceBG/235,0.27940551986296974,0.42314225335915884,0.5386411895354589,0.26581741323073704,0.4481953298052152,0.3963906576236089
ReplaceBG/24,0.41910828053951266,0.38789808998505276,0.38365180740753807,0.3467091336846352,0.44288747310638427,0.3541401267051697
ReplaceBG/241,0.3439490462342898,0.36263269980748497,0.3813163513938586,0.37791932274897894,0.5677282437682152,0.47324840625127157
ReplaceBG/243,0.3679405530293783,0.45116773148377737,0.43099787483612695,0.27770700852076213,0.36050956000884377,0.3630573272705078
ReplaceBG/244,0.44267516434192655,0.4292993649840355,0.46539278129736583,0.3743099768956502,0.4666666701436043,0.4622080693642298
ReplaceBG/245,0.39235668927431105,0.34798301657040914,0.39320594668388364,0.4012738863627116,0.3774946908156077,0.35902335345745084
ReplaceBG/246,0.3779193237423897,0.3053078557054202,0.300849257906278,0.3171974534789721,0.3235668803254763,0.5184713398416837
ReplaceBG/248,0.29447983354330065,0.36390658219655353,0.38726114730040234,0.2770700638492902,0.4823779205481211,0.3966029758254687
ReplaceBG/249,0.4363057394822439,0.4598726138472557,0.47324840476115543,0.363694270948569,0.4694267546137174,0.41104034235080084
ReplaceBG/250,0.37643312364816667,0.29893842885891597,0.2959660311539968,0.31528662542502084,0.4112526590625445,0.46454352388779324
ReplaceBG/251,0.29150743236144383,0.3893842910726865,0.10573248515526454,0.27112526843945184,0.4048832287391027,0.341825902958711
ReplaceBG/253,0.32505307843287784,0.4636942664782206,0.24331210305293402,0.22823779384295145,0.510828026632468,0.34861996173858645
ReplaceBG/256,0.4019108255704244,0.2902335474888484,0.35201698541641235,0.38619957615931827,0.41231422225634257,0.41549894561370215
ReplaceBG/258,0.2503184725840886,0.37791932274897894,0.12229299346605936,0.23099787731965382,0.400636946161588,0.19447983155647913
ReplaceBG/263,0.37622080792983376,0.41889596929152806,0.34033970336119335,0.44309978584448495,0.5946921507517496,0.4528662433226903
ReplaceBG/269,0.35541401356458663,0.3138004243373871,0.3186836540699005,0.33906581699848176,0.44140127301216125,0.4346072182059288
ReplaceBG/27,0.3528662472963333,0.41847134083509446,0.45732483913501104,0.3074310009678205,0.4876857727766037,0.32653927952051165
ReplaceBG/271,0.43014862289031347,0.39447983155647914,0.2747346098224322,0.41422505527734754,0.4560509567459424,0.43715499093135196
ReplaceBG/272,0.291295118133227,0.38917197634776435,0.11740976721048355,0.14394904375076295,0.5335456520318985,0.26921443740526835
ReplaceBG/273,0.34288747409979503,0.3864118879040082,0.2443736746907234,0.4048832302292188,0.44692144095897673,0.44564756006002426
ReplaceBG/274,0.3161358818411827,0.2150743121902148,0.14628450175126392,0.3847133740782738,0.41061571389436724,0.390445864200592
ReplaceBG/275,0.3076433132092158,0.2702760105331739,0.3008492584029833,0.30095541576544443,0.43885350624720254,0.3053078552087148
ReplaceBG/276,0.2055201694369316,0.4690021206935247,0.14777070035537085,0.2246284489830335,0.3097664535045624,0.3859872614343961
ReplaceBG/277,0.35265393406152723,0.42165605078140894,0.29150742987791695,0.3091295142968496,0.46857749770085017,0.5498938436309496
ReplaceBG/278,0.4537154992421468,0.4414012789726257,0.3904458637038867,0.37791932274897894,0.4414012759923935,0.4532908712824186
ReplaceBG/280,0.43609341929356255,0.45605095773935317,0.49617834438880287,0.42038216690222424,0.4588110436995824,0.3872611507773399
ReplaceBG/283,0.4070063725113869,0.22292993813753129,0.23588110506534576,0.3702760110298792,0.37940552284320195,0.40467091153065365
ReplaceBG/284,0.44543524235486986,0.3526539290944735,0.3002123142282168,0.3643312101562818,0.4290870507558187,0.3441613594690959
ReplaceBG/285,0.43036093314488727,0.4089171970884005,0.44819533129533135,0.3991507430871328,0.39702760328849157,0.44861995975176494
ReplaceBG/287,0.35350318501393,0.35095541427532834,0.362420384089152,0.4023354599873225,0.3840764378507932,0.42802547961473464
ReplaceBG/288,0.42101911356051763,0.36602972596883776,0.3399150754014651,0.4220806812246641,0.4605095560352008,0.4726114675402641
ReplaceBG/290,0.42048832327127456,0.4358811055620511,0.5076433181762695,0.39405520260334015,0.5687898114323616,0.27643312017122906
ReplaceBG/291,0.44501061787207924,0.4029724011818568,0.37834394921859105,0.3326963891585668,0.4944798315564791,0.2946921447912852
ReplaceBG/3,0.4649681568145752,0.2662420392036438,0.3558386410276095,0.4498938411474228,0.5817409788568815,0.4615711266795794
ReplaceBG/30,0.4186836540699005,0.2853503187497457,0.39830149014790855,0.3951167722543081,0.41740977118412653,0.3023354584972064
ReplaceBG/31,0.4475583871205648,0.3840764323870341,0.44033970187107724,0.35647558520237604,0.5131634846329689,0.4762208084265391
ReplaceBG/32,0.4605095555384954,0.4104033981760343,0.3320594464739164,0.41995753993590673,0.4936305711666743,0.37048831979433694
ReplaceBG/33,0.419108281036218,0.34331210354963937,0.42929936250050865,0.34352441827456154,0.46963906784852344,0.2908704901734988
ReplaceBG/35,0.4341825932264328,0.3721868400772413,0.3380042468508085,0.4356687898437182,0.4167728260159492,0.4594479834040006
ReplaceBG/36,0.3087048853437106,0.31358811060587566,0.3411889602740606,0.2878980894883474,0.406157112121582,0.37239915132522583
ReplaceBG/37,0.4475583886106809,0.3857749486962954,0.42781316687663395,0.34033970534801483,0.44012739062309264,0.40297240217526753
ReplaceBG/38,0.33354565054178237,0.3732484077413877,0.2265392780303955,0.3554140110810598,0.4174097677071889,0.4492569029331207
ReplaceBG/41,0.36985138058662415,0.275371553003788,0.2794055208563805,0.30552017241716384,0.4464968169728915,0.3895966013272603
ReplaceBG/42,0.4624203855792681,0.37430997838576635,0.33397027403116225,0.4358811045686404,0.5643312106529872,0.4433121035496394
ReplaceBG/46,0.4250530779361725,0.3834394911924998,0.3651804685592651,0.3280254806081454,0.43715498844782513,0.35987261434396106
ReplaceBG/48,0.36496815433104834,0.26518046408891677,0.35010616183280946,0.3464968129992485,0.5619957571228346,0.37388534992933276
ReplaceBG/49,0.40233545551697414,0.33280254850784935,0.36008492559194566,0.3392781302332878,0.509978770216306,0.47558386375506717
ReplaceBG/5,0.4065817415714264,0.5140127400557201,0.33439490497112273,0.43651804625988005,0.5371549929181735,0.4666666666666667
ReplaceBG/50,0.37983015179634094,0.4760084937016169,0.5273885374267896,0.3503184735774994,0.42356688479582466,0.4004246309399605
ReplaceBG/52,0.2564755832155546,0.39723991801341374,0.5422505368789037,0.29575371543566387,0.4685774937272072,0.3116772845387459
ReplaceBG/53,0.3702760105331739,0.21486199696858724,0.25286624282598497,0.35923566967248916,0.4006369436780612,0.2997876837849617
ReplaceBG/54,0.38471337854862214,0.2734607254465421,0.36942675411701204,0.3352441648642222,0.3794055263201396,0.5135881066322326
ReplaceBG/57,0.413375793894132,0.38152866860230766,0.3488322749733925,0.3598726133505503,0.37176220963398615,0.4118895992636681
ReplaceBG/58,0.35435244292020796,0.2876857762535413,0.23832271844148636,0.2970275988181432,0.39532909194628396,0.3804670954744021
ReplaceBG/61,0.4201698496937752,0.2148619994521141,0.3288747355341911,0.4150743102033933,0.4129511684179306,0.37324841221173605
ReplaceBG/64,0.34288747409979503,0.23078556458155314,0.3547770728667577,0.31592356810967126,0.5358811070521673,0.4101910814642906
ReplaceBG/65,0.38067940473556516,0.3244161357482274,0.35881104717652,0.3600849280754725,0.5583864097793897,0.4747346043586731
ReplaceBG/67,0.2367303614815076,0.3352441628774007,0.2532908742626508,0.3057324846585592,0.5501061603426933,0.4409766475359599
ReplaceBG/68,0.27473460684219997,0.347770701845487,0.25987261285384494,0.23163482149442036,0.3834394906957944,0.4853503202398618
ReplaceBG/69,0.2908704896767934,0.334819532930851,0.2301486204067866,0.33630573401848474,0.5710191105802854,0.33821656157573066
ReplaceBG/7,0.33566878984371823,0.37409766713778175,0.3518046706914902,0.4042462885379791,0.5171974554657937,0.44904458870490394
ReplaceBG/72,0.30552017092704775,0.2919320603211721,0.12377919554710388,0.18428874959548314,0.41188959727684654,0.3106157124042511
ReplaceBG/73,0.3437367310126623,0.42484076420466105,0.2507431005438169,0.36454352736473083,0.4777070075273514,0.5768577471375466
ReplaceBG/74,0.3354564761122068,0.41677282700935997,0.3904458637038867,0.23312102109193802,0.4467091312011083,0.29575371493895847
ReplaceBG/76,0.4456475615501404,0.1942675163348516,0.19957537204027176,0.36008492261171343,0.3441613604625066,0.35583864351113637
ReplaceBG/77,0.38259023427963257,0.2246284504731496,0.16645435293515523,0.3278131648898125,0.4730360964934031,0.46518047054608663
ReplaceBG/78,0.347346072892348,0.473885348935922,0.38428874959548315,0.38556263645490013,0.3467091346780459,0.3624203821023305
ReplaceBG/79,0.29320594916741055,0.34416135797897973,0.22484076668818792,0.22399151027202607,0.4023354565103849,0.4445859874288241
ReplaceBG/80,0.2184713383515676,0.2619957521557808,0.1492568999528885,0.2025477742155393,0.4042462875445684,0.37919320513804755
ReplaceBG/87,0.3401273886362712,0.23503184864918392,0.20063694020112355,0.37515923629204434,0.5309978758295377,0.3375796154141426
ReplaceBG/91,0.30679405728975934,0.2250530814131101,0.11146496931711833,0.26135881145795187,0.42717622419198353,0.3723991557955742
ReplaceBG/93,0.41868365506331123,0.3600849285721779,0.26220806936422986,0.4087048868338267,0.4961783493558566,0.2317409758766492
ReplaceBG/95,0.3462845027446747,0.4309978812932968,0.2515923594435056,0.40764331767956413,0.33057324985663095,0.34883227447668713
ReplaceBG/96,0.3779193212588628,0.3937367297708988,0.41358811110258104,0.33800424784421923,0.5082802593708038,0.4027600879470507
ReplaceBG/98,0.35987261186043423,0.3099787697196007,0.11698513875404994,0.29405520111322403,0.487898088991642,0.3161358803510666
T1D-UOM/2301,0.2933333396911621,0.3333333412806193,0.11333333551883698,0.293333338201046,0.43333334227403003,0.34000000605980557
T1D-UOM/2304,0.32000000526507694,0.34666667381922406,0.23333333830038708,0.3933333431680997,0.25333333760499954,0.3066666732231776
T1D-UOM/2308,0.20000000447034835,0.2733333359162013,0.16666667014360428,0.18000000317891438,0.2866666719317436,0.39333334217468896
T1D-UOM/2309,0.22000000377496085,0.20000000496705372,0.20666667024294536,0.28000000516573587,0.3466666718324026,0.3200000067551931
T1D-UOM/2310,0.2733333383997281,0.33333334028720857,0.16000000288089117,0.2200000027815501,0.48666667491197585,0.2666666726271311
T1D-UOM/2313,0.26000000486771263,0.25333333710829414,0.30666667173306145,0.293333338201046,0.43333334078391395,0.26000000536441803
